Feature,Importance
cat__Churn Reason_Not Applicable,0.24801855286887656
num__Churn Score,0.15752213885797228
num__Tenure Months,0.028308219801461726
num__Total Charges,0.026606565483392332
cat__Contract_Month-to-month,0.02225561920849038
num__Monthly Charges,0.018414156789578674
cat__Dependents_No,0.015702776462193157
cat__Internet Service_Fiber optic,0.015072048271329228
cat__Payment Method_Electronic check,0.014826534774629085
cat__Contract_Two year,0.014460046634387071
num__CLTV,0.014158824375577972
cat__Online Security_No,0.01392676261358059
cat__Dependents_Yes,0.013415056405020522
num__Latitude,0.012004611853845446
num__Zip Code,0.011856964598403049
num__Longitude,0.01166482222122348
cat__Tech Support_No,0.011003577640421529
cat__Churn Reason_Competitor offered higher download speeds,0.009764499866622374
cat__Churn Reason_Attitude of support person,0.00940615467603081
cat__Tech Support_Yes,0.00914274265335112
cat__Internet Service_No,0.00866898680244474
cat__Online Backup_No,0.007858558139487793
cat__Contract_One year,0.007541340368165324
cat__Online Security_Yes,0.007369935377165305
cat__Churn Reason_Don't know,0.00725190371742912
cat__Churn Reason_Competitor offered more data,0.00710628137765365
cat__Streaming TV_No internet service,0.007004319205663506
cat__Churn Reason_Attitude of service provider,0.0069315930790533765
cat__Churn Reason_Competitor made better offer,0.006599655839671374
cat__Device Protection_No,0.006219498750396393
cat__Internet Service_DSL,0.006149973180758701
cat__Churn Reason_Product dissatisfaction,0.006011615924190354
cat__Paperless Billing_Yes,0.0054585752865409145
cat__Tech Support_No internet service,0.0053596812432266825
cat__Paperless Billing_No,0.005304216136542649
cat__Churn Reason_Network reliability,0.005211959539005353
cat__Device Protection_No internet service,0.005138369624523742
cat__Online Security_No internet service,0.004844407568625337
cat__Churn Reason_Competitor had better devices,0.004703873159219041
cat__Partner_Yes,0.004166465773351374
cat__Payment Method_Credit card (automatic),0.004140923927743326
cat__Online Backup_Yes,0.004132607477067119
cat__Online Backup_No internet service,0.004015971539817046
cat__Churn Reason_Price too high,0.003959941997830826
cat__Payment Method_Bank transfer (automatic),0.00395520368249923
cat__Churn Reason_Service dissatisfaction,0.00375554980148619
cat__Churn Reason_Lack of self-service on Website,0.003595036432538125
cat__Partner_No,0.00346294581834311
cat__Device Protection_Yes,0.003146921872640471
cat__Streaming Movies_No,0.003069367150965388
cat__Streaming TV_No,0.003027958497872739
cat__Gender_Male,0.002924078080194291
cat__Streaming TV_Yes,0.002771792179884441
cat__Senior Citizen_Yes,0.002714691005761423
cat__Multiple Lines_No,0.002697140740599019
cat__Streaming Movies_Yes,0.002677491832585703
cat__Senior Citizen_No,0.002618048849755609
cat__Multiple Lines_Yes,0.0026120470419732354
cat__Gender_Female,0.0025064569841586138
cat__Churn Reason_Moved,0.0025024022043244874
cat__Streaming Movies_No internet service,0.0024007389590440264
cat__Payment Method_Mailed check,0.0023727090121701214
cat__Churn Reason_Extra data charges,0.00218673950431757
cat__Churn Reason_Lack of affordable download/upload speed,0.0020087138526626415
cat__Churn Reason_Limited range of services,0.0015640513993649054
cat__Churn Reason_Long distance charges,0.0014717167707076794
cat__Multiple Lines_No phone service,0.0012459115556796403
cat__City_Los Angeles,0.0011756923997630943
cat__Phone Service_Yes,0.0011426043238610432
cat__Phone Service_No,0.001002471726722104
cat__City_San Diego,0.0008031101970841542
cat__City_San Jose,0.0007228421281081171
cat__Churn Reason_Poor expertise of phone support,0.0006799662104211307
cat__City_Sacramento,0.0005955358408971557
cat__City_Glendale,0.0005861440933820398
cat__City_San Francisco,0.000539694321031719
cat__Churn Reason_Poor expertise of online support,0.0005209896052543483
cat__City_Bakersfield,0.00043352648948826177
cat__City_Pasadena,0.00040509399731595864
cat__City_Modesto,0.00038733407663470783
cat__City_Oakland,0.00036312316340047634
cat__City_Fresno,0.0003474584120154038
cat__City_Santa Barbara,0.00034168689434166383
cat__City_Elk Grove,0.0003122046498142744
cat__City_Long Beach,0.0003027634587332882
cat__City_San Bernardino,0.0002862327618229377
cat__City_Chula Vista,0.00027606908970721013
"cat__Lat Long_34.186211, -117.07683",0.00024131053697445227
"cat__Lat Long_34.066303, -118.435479",0.00023972280241288686
"cat__Lat Long_37.186141, -121.843554",0.0002388731009109523
cat__City_Santa Rosa,0.00023781532124302816
cat__City_Fremont,0.00023682686993304193
"cat__Lat Long_34.162515, -118.203869",0.00022966874373990827
cat__City_Ontario,0.00022873574890985485
cat__City_Riverside,0.0002253231568834852
cat__City_Inglewood,0.0002225367162375284
cat__City_Daly City,0.0002213185530683827
cat__City_Stockton,0.00022057951701364022
cat__City_Fullerton,0.00021899527151697713
"cat__Lat Long_41.950683, -124.097094",0.0002187770083095752
cat__City_Saint Helena,0.00021821697496199173
cat__City_Concord,0.00021757716540150564
"cat__Lat Long_38.803731, -121.043799",0.00021533637760236265
cat__City_Crescent Mills,0.00021462460356862995
cat__City_Olivehurst,0.00021416006445896193
"cat__Lat Long_32.898613, -117.202937",0.00021299714932104414
"cat__Lat Long_38.931425, -121.946081",0.00021228183986960497
"cat__Lat Long_32.961064, -117.134917",0.00020744820939508138
"cat__Lat Long_34.102119, -117.815532",0.0002050185005534249
cat__City_Whittier,0.00020499087580442968
cat__City_Piru,0.00020224596131433734
cat__City_Smith River,0.00020217481766045262
cat__City_Santa Monica,0.0002010037661629082
cat__City_Anaheim,0.00020071382959883298
cat__City_Berkeley,0.0001992555658781789
cat__City_Huntington Beach,0.00019837862563150787
cat__City_Woodland,0.00019743364481089023
"cat__Lat Long_37.031404, -121.981865",0.00019739022642727768
cat__City_Port Hueneme,0.00019684316736196187
cat__City_Orange,0.00019255350684922124
"cat__Lat Long_34.153338, -118.262974",0.0001907662193558928
cat__City_Hayward,0.00018900413281336973
cat__City_Santa Cruz,0.00018892877572054893
cat__City_Seal Beach,0.00018818449367538585
"cat__Lat Long_38.434138, -121.30587",0.0001876197027104558
cat__City_Clarksburg,0.00018658895861883122
"cat__Lat Long_33.956445, -118.358634",0.00018510081251848769
"cat__Lat Long_37.639215, -122.037554",0.00018387676797869003
"cat__Lat Long_34.057256, -117.667677",0.00018172137993216275
"cat__Lat Long_36.833002, -119.82947",0.00018164289894607717
cat__City_Palomar Mountain,0.00018101106430851323
cat__City_Templeton,0.00017996245681853478
cat__City_San Dimas,0.00017822122330770937
cat__City_Stanton,0.000177997793899917
cat__City_Agoura Hills,0.0001771716958426009
"cat__Lat Long_34.052917, -118.255178",0.00017607114964385298
"cat__Lat Long_34.122501, -117.320138",0.0001757466745582067
"cat__Lat Long_41.759864, -122.379175",0.0001750458672320015
"cat__Lat Long_38.384648, -121.578701",0.00017333916003280377
"cat__Lat Long_37.974498, -121.319568",0.00017319062468441136
"cat__Lat Long_34.432843, -118.730106",0.00017263260195986258
"cat__Lat Long_38.608405, -121.449942",0.00017175708092720594
cat__City_Santa Ana,0.00016668910608897295
cat__City_Oceanside,0.00016638488289020783
cat__City_Carlsbad,0.00016540054309915377
"cat__Lat Long_37.454924, -122.203168",0.00016485300494482603
cat__City_Rodeo,0.00016385074871873555
cat__City_San Luis Obispo,0.00016355202647890853
"cat__Lat Long_34.559882, -115.637164",0.00016193584168007626
cat__City_Hydesville,0.00016102963251679147
cat__City_Burbank,0.00015990840440855564
"cat__Lat Long_34.238802, -118.482296",0.00015982376228749272
cat__City_Running Springs,0.00015976002456904296
"cat__Lat Long_33.714829, -117.872941",0.0001596854255394766
cat__City_Brea,0.00015912364365867635
cat__City_Delhi,0.00015662059034414716
cat__City_Lakewood,0.00015556212414802184
"cat__Lat Long_37.680844, -122.48131",0.00015303816261912913
"cat__Lat Long_39.082568, -121.55325",0.0001528488776371027
"cat__Lat Long_38.581354, -122.296283",0.0001527225595013286
"cat__Lat Long_38.672708, -122.403219",0.0001526474186788087
cat__City_Mckinleyville,0.00015140958536140922
cat__City_Miramonte,0.00015127762152935872
cat__City_Irvine,0.00015070438053139167
cat__City_Vallejo,0.00015055178443955247
"cat__Lat Long_37.669516, -120.626964",0.00015026531701601634
"cat__Lat Long_40.789799, -121.474529",0.00014963517569390795
"cat__Lat Long_34.001617, -118.222274",0.00014834908511266058
"cat__Lat Long_34.076259, -118.310715",0.00014743690041611613
"cat__Lat Long_32.957195, -117.202542",0.00014661227984457922
"cat__Lat Long_34.437945, -119.77191",0.00014617481576908548
cat__City_Tecopa,0.00014613145252038363
"cat__Lat Long_38.734997, -121.463719",0.00014488372135525298
"cat__Lat Long_34.167465, -118.165327",0.00014334383839188466
"cat__Lat Long_34.279221, -119.221437",0.00014287631048183228
"cat__Lat Long_34.005439, -118.477507",0.00014181480713375825
cat__City_La Mesa,0.00014138435136569586
"cat__Lat Long_41.924174, -123.260788",0.00014045772363098215
"cat__Lat Long_36.303666, -119.825657",0.00014040567435036585
cat__City_Beverly Hills,0.00013964629234578763
cat__City_Susanville,0.00013900795622427188
cat__City_Tujunga,0.00013836895287851008
"cat__Lat Long_33.098018, -117.258203",0.0001381632908735788
"cat__Lat Long_40.080342, -120.957805",0.00013804838461814326
"cat__Lat Long_35.842889, -121.004862",0.00013763496609337986
"cat__Lat Long_33.960891, -118.032222",0.00013720819334604755
cat__City_Indian Wells,0.00013671804988026675
cat__City_Dinuba,0.0001361190228140327
cat__City_Pomona,0.00013598050492967965
"cat__Lat Long_37.939768, -120.188002",0.0001355073152531981
"cat__Lat Long_37.516791, -121.899117",0.0001345417539970677
"cat__Lat Long_40.557314, -124.081662",0.00013449589713754098
"cat__Lat Long_40.7666, -123.80458",0.0001344426206801071
cat__City_Upland,0.00013399565641429914
"cat__Lat Long_33.819814, -118.222416",0.0001331487825012539
"cat__Lat Long_35.449881, -118.841442",0.0001329514292672615
"cat__Lat Long_34.1678, -116.86433",0.00013272656393355803
cat__City_Lemoore,0.00013248105545881058
cat__City_Sherman Oaks,0.0001318320243231257
cat__City_Annapolis,0.0001316123738876969
cat__City_Palmdale,0.0001314854584088931
"cat__Lat Long_37.612612, -121.108568",0.00013126096191671792
cat__City_San Mateo,0.00013125007300414114
"cat__Lat Long_33.537646, -116.291089",0.0001310378163077631
cat__City_Honeydew,0.00012989274435993076
"cat__Lat Long_35.916943, -120.129921",0.00012967020163855063
cat__City_Lathrop,0.00012766554659292137
cat__City_Lancaster,0.000127647332630822
cat__City_Wallace,0.0001276045092746044
"cat__Lat Long_32.805518, -117.169052",0.00012742818812978105
cat__City_Seiad Valley,0.00012710909792084624
cat__City_Cupertino,0.00012653867836571998
cat__City_Gardena,0.0001254501740161706
cat__City_Lodi,0.0001253723512715268
"cat__Lat Long_37.941456, -122.320968",0.0001252415781700219
"cat__Lat Long_32.790282, -115.689559",0.0001245360406342193
cat__City_Montague,0.00012287031927884451
"cat__Lat Long_40.142256, -123.852927",0.00012269639734185703
"cat__Lat Long_35.536115, -120.739231",0.0001224446194164827
cat__City_Twain,0.00012230843394758033
"cat__Lat Long_41.831901, -123.487478",0.00012149233456438562
cat__City_Adelanto,0.0001204380209382211
"cat__Lat Long_34.624399, -120.137875",0.00012038330813514967
cat__City_Amboy,0.00012016398044948528
cat__City_Dunnigan,0.000119926386979862
cat__City_Emeryville,0.00011988392659958724
"cat__Lat Long_39.108252, -123.645121",0.00011979323792333968
cat__City_El Monte,0.00011930639404463122
"cat__Lat Long_38.192608, -120.957842",0.00011921199119134987
"cat__Lat Long_33.762759, -116.324817",0.00011913384790960868
"cat__Lat Long_32.579134, -117.119009",0.00011909966489207207
cat__City_Pope Valley,0.00011884994464761179
"cat__Lat Long_33.254497, -117.285879",0.00011881893389900713
"cat__Lat Long_40.559177, -120.612113",0.0001188128738396649
cat__City_Crockett,0.00011868442563516838
cat__City_Palm Springs,0.00011847272392345039
cat__City_Van Nuys,0.00011842644516648867
cat__City_Pauma Valley,0.00011827161761521909
cat__City_Torrance,0.00011765143466006121
cat__City_Corona,0.00011734267163501696
"cat__Lat Long_34.159007, -118.087353",0.0001162537102029646
"cat__Lat Long_34.667815, -117.536183",0.00011609200763752062
cat__City_San Leandro,0.00011564204975246003
"cat__Lat Long_40.845738, -120.322219",0.00011556707066703913
cat__City_Angelus Oaks,0.00011516877967683455
cat__City_Cotati,0.00011480060409816513
"cat__Lat Long_34.083086, -117.737997",0.00011436581260783376
cat__City_Culver City,0.00011435551069319684
cat__City_Pilot Hill,0.00011274435018182611
"cat__Lat Long_36.959731, -120.653519",0.00011251531161828923
"cat__Lat Long_34.108833, -118.229715",0.00011217589965152494
cat__City_Palm Desert,0.00011195618947730754
cat__City_Richgrove,0.0001118275982053482
cat__City_La Jolla,0.00011171217345729416
cat__City_Lompoc,0.00011150843903774351
cat__City_Temecula,0.00011123391296663691
"cat__Lat Long_41.081847, -122.700545",0.00011121877535610841
"cat__Lat Long_33.723579, -118.005441",0.00011115416822818003
"cat__Lat Long_37.881842, -121.848111",0.00011003006489309187
"cat__Lat Long_38.646096, -121.442433",0.00010970038190447497
cat__City_Martinez,0.00010963567132001072
"cat__Lat Long_34.062125, -118.315709",0.00010955854978109314
"cat__Lat Long_34.457541, -119.631072",0.00010948533050190171
cat__City_Bonsall,0.00010868471454233828
"cat__Lat Long_37.808731, -122.238708",0.0001079689067403275
"cat__Lat Long_37.750021, -122.415201",0.00010745970753547201
"cat__Lat Long_36.303793, -119.375646",0.00010739893358835462
"cat__Lat Long_33.889605, -115.257009",0.00010719823897260697
cat__City_Emigrant Gap,0.00010703531478258817
cat__City_San Rafael,0.00010671273357919526
"cat__Lat Long_34.866032, -120.536546",0.00010662431346720407
"cat__Lat Long_37.83726, -122.287648",0.00010619524178691641
"cat__Lat Long_33.309852, -116.823091",0.00010602985236981836
"cat__Lat Long_35.059695, -120.604741",0.00010602366601876909
"cat__Lat Long_40.267158, -123.805913",0.00010544717535131711
"cat__Lat Long_33.75462, -118.071128",0.00010510349711386972
"cat__Lat Long_34.070291, -118.349191",0.00010465551622864025
"cat__Lat Long_37.80821, -121.308401",0.0001046045067371875
"cat__Lat Long_37.42765, -121.945416",0.00010445263235402762
cat__City_Lone Pine,0.00010424333309429208
cat__City_Elverta,0.0001038349677485644
cat__City_Richmond,0.00010380213630301723
"cat__Lat Long_38.128087, -121.4078",0.00010354356463533622
"cat__Lat Long_34.145695, -117.95982",0.00010339443267946952
"cat__Lat Long_36.590415, -118.073839",0.00010332374958915737
cat__City_Roseville,0.00010323770293177926
"cat__Lat Long_34.066367, -118.309868",0.00010306528407144188
cat__City_Bradley,0.00010305076085285703
"cat__Lat Long_34.296574, -118.244839",0.00010302680353389862
"cat__Lat Long_34.183286, -117.221722",0.0001025089199473264
"cat__Lat Long_34.030915, -117.273201",0.00010233245744060312
"cat__Lat Long_37.556634, -122.317723",0.0001022451010514062
"cat__Lat Long_34.088017, -118.327168",0.00010221063115145467
cat__City_El Cajon,0.00010206311138085098
cat__City_North Hills,0.00010176668410595576
cat__City_Avenal,0.00010173446057733221
"cat__Lat Long_36.175255, -119.813805",0.00010169259424695115
cat__City_Atascadero,0.00010146707908427556
cat__City_Redwood City,0.00010122096632709481
"cat__Lat Long_34.321621, -118.399841",0.00010088918071522442
cat__City_Malibu,0.0001008266861192703
cat__City_Redlands,0.00010040167380661957
cat__City_Visalia,0.00010035035626149299
cat__City_Clayton,0.00010030265855277888
cat__City_Jamul,0.00010014751598388375
cat__City_Desert Hot Springs,0.00010011884458895885
cat__City_Penryn,9.994742027728597e-05
cat__City_Ferndale,9.982104374756433e-05
cat__City_Oxnard,9.964689626569031e-05
"cat__Lat Long_38.035707, -122.196821",9.963818274193503e-05
"cat__Lat Long_34.141146, -117.655583",9.913101487446763e-05
"cat__Lat Long_32.578103, -117.012975",9.894088296023815e-05
"cat__Lat Long_38.313447, -121.123886",9.866232606909443e-05
"cat__Lat Long_34.031529, -118.491156",9.865085941312472e-05
cat__City_Sylmar,9.862418575776834e-05
"cat__Lat Long_33.998471, -117.973758",9.837225459970221e-05
cat__City_West Covina,9.833035898664122e-05
"cat__Lat Long_33.930199, -117.862898",9.83044655206956e-05
"cat__Lat Long_35.236549, -120.727344",9.826424520592004e-05
cat__City_Grizzly Flats,9.782679331106893e-05
"cat__Lat Long_34.062095, -118.401508",9.782546789566972e-05
cat__City_North Palm Springs,9.754875420662503e-05
cat__City_Santa Clara,9.71573401693556e-05
cat__City_Trinity Center,9.699226128420125e-05
"cat__Lat Long_33.906496, -116.569499",9.693042604856796e-05
"cat__Lat Long_33.887676, -118.127289",9.670124479322604e-05
"cat__Lat Long_34.110124, -119.100972",9.66300992057862e-05
"cat__Lat Long_37.306612, -122.080621",9.64223726898628e-05
"cat__Lat Long_34.018354, -117.85492",9.563390162107973e-05
"cat__Lat Long_35.772244, -119.209689",9.555216343513891e-05
"cat__Lat Long_35.809921, -119.127437",9.542180126839717e-05
cat__City_Canoga Park,9.53622687447281e-05
"cat__Lat Long_37.311088, -121.961786",9.509738475068124e-05
"cat__Lat Long_37.990118, -122.012188",9.4986985141182e-05
"cat__Lat Long_37.505768, -121.962472",9.496502405322997e-05
"cat__Lat Long_34.129058, -118.759788",9.427403485022107e-05
cat__City_Oceano,9.42647320414047e-05
"cat__Lat Long_34.099869, -118.326843",9.408858955318397e-05
cat__City_Guatay,9.360006663041306e-05
"cat__Lat Long_33.313828, -116.940501",9.29676164072802e-05
cat__City_Waterford,9.292594738187475e-05
cat__City_Nipomo,9.240488606292681e-05
cat__City_Alpaugh,9.223821786291776e-05
cat__City_Desert Center,9.223020119681678e-05
"cat__Lat Long_34.727529, -118.153098",9.199071823331881e-05
cat__City_Acampo,9.198435447436827e-05
"cat__Lat Long_33.290907, -117.202895",9.191527916083712e-05
cat__City_Hacienda Heights,9.188009002324603e-05
"cat__Lat Long_34.157137, -118.548511",9.187932360805998e-05
"cat__Lat Long_39.068071, -121.832638",9.168898822740576e-05
cat__City_La Puente,9.162219886249209e-05
"cat__Lat Long_33.936291, -118.332639",9.156521274893812e-05
cat__City_Compton,9.137236113994243e-05
cat__City_San Gabriel,9.134291211249925e-05
cat__City_Garden Grove,9.126649236679529e-05
cat__City_Downey,9.123263605780621e-05
"cat__Lat Long_38.055562, -120.456298",9.11660179465432e-05
"cat__Lat Long_40.4785, -124.301372",9.106063229307938e-05
"cat__Lat Long_36.696759, -119.024051",9.054008478219052e-05
"cat__Lat Long_37.387027, -121.897775",9.026580909816906e-05
"cat__Lat Long_38.542448, -122.419923",9.021361072764243e-05
"cat__Lat Long_38.53508, -121.444144",9.008610224253007e-05
"cat__Lat Long_34.078991, -118.263804",8.989540855415242e-05
cat__City_Stratford,8.979356168120406e-05
"cat__Lat Long_33.972293, -116.654195",8.978461359415683e-05
"cat__Lat Long_38.859093, -121.182872",8.967992282474797e-05
"cat__Lat Long_38.468893, -122.580539",8.934823869334861e-05
"cat__Lat Long_40.965011, -124.015255",8.916543316834122e-05
"cat__Lat Long_38.636102, -120.522149",8.882511987920493e-05
"cat__Lat Long_37.959706, -121.287669",8.835771223809513e-05
"cat__Lat Long_34.105935, -117.2914",8.824629565314688e-05
"cat__Lat Long_33.840524, -118.148403",8.786626672131844e-05
"cat__Lat Long_37.171727, -122.142961",8.775723855305952e-05
cat__City_Lake Elsinore,8.773873205613837e-05
"cat__Lat Long_32.853743, -117.25034",8.705224383656717e-05
"cat__Lat Long_33.745746, -116.514215",8.694953825148384e-05
"cat__Lat Long_35.453912, -120.69461",8.689275773854378e-05
"cat__Lat Long_37.223, -119.001021",8.668726614548032e-05
"cat__Lat Long_39.58458, -121.093256",8.664731038225784e-05
"cat__Lat Long_34.147149, -118.463365",8.660094252343799e-05
cat__City_Yorba Linda,8.650699358545725e-05
"cat__Lat Long_32.79697, -116.969082",8.645374163570303e-05
"cat__Lat Long_38.071327, -120.632221",8.640846200751358e-05
"cat__Lat Long_34.245289, -117.642503",8.631197335161688e-05
"cat__Lat Long_33.3249, -114.758334",8.616190497615767e-05
cat__City_Walnut Creek,8.592114652362233e-05
cat__City_Rough And Ready,8.590179477642566e-05
cat__City_Herald,8.561733937876708e-05
"cat__Lat Long_37.422961, -120.765493",8.531393614197481e-05
cat__City_Duarte,8.518584916342593e-05
cat__City_Tuolumne,8.51161569143157e-05
"cat__Lat Long_33.976678, -118.065875",8.504925110917808e-05
cat__City_Alviso,8.501817448914621e-05
"cat__Lat Long_36.64545, -118.924982",8.491491974532098e-05
cat__City_Los Alamos,8.474878360150106e-05
cat__City_Los Gatos,8.470400478978332e-05
"cat__Lat Long_34.139082, -118.39275",8.460748114229687e-05
cat__City_Aguanga,8.455069879574712e-05
cat__City_Hornitos,8.450006972211727e-05
cat__City_Biola,8.447987382117367e-05
cat__City_Madera,8.430330939692721e-05
cat__City_Spring Valley,8.42699033672349e-05
"cat__Lat Long_38.265899, -121.939461",8.422924269618218e-05
cat__City_Tahoe Vista,8.410588568583706e-05
"cat__Lat Long_38.694081, -121.694431",8.410207275041239e-05
"cat__Lat Long_38.326215, -122.718742",8.399718225511327e-05
"cat__Lat Long_37.375156, -121.795867",8.368323525344574e-05
"cat__Lat Long_40.342928, -124.063329",8.353183658415966e-05
"cat__Lat Long_37.424655, -121.74841",8.344800031989986e-05
"cat__Lat Long_36.523619, -119.386868",8.339170582007199e-05
"cat__Lat Long_36.687292, -120.437354",8.33308114977898e-05
cat__City_Rancho Cucamonga,8.31628121006395e-05
cat__Churn Reason_Deceased,8.303914436518966e-05
"cat__Lat Long_33.22784, -117.200024",8.28683399558338e-05
cat__City_Camp Nelson,8.246377953891707e-05
cat__City_Hathaway Pines,8.23409387851744e-05
cat__City_Tarzana,8.228619860613499e-05
"cat__Lat Long_34.223244, -119.18012",8.20842318735989e-05
cat__City_Seeley,8.200299468980445e-05
"cat__Lat Long_39.225634, -121.156163",8.180397543432e-05
cat__City_Elk,8.17940012295703e-05
"cat__Lat Long_34.002028, -118.430656",8.173464292169494e-05
cat__City_Twentynine Palms,8.153776988793075e-05
"cat__Lat Long_37.621458, -121.012295",8.120099444383641e-05
cat__City_North Hollywood,8.115960794792751e-05
"cat__Lat Long_38.724322, -120.991237",8.094433642551642e-05
cat__City_Santa Maria,8.090624297223256e-05
"cat__Lat Long_35.846067, -119.004073",8.08973205629253e-05
"cat__Lat Long_38.549185, -121.328386",8.051190682224665e-05
"cat__Lat Long_34.129677, -117.154277",8.045560199326703e-05
"cat__Lat Long_34.845861, -118.885163",8.041436928431376e-05
cat__City_Newport Beach,8.041340843081465e-05
"cat__Lat Long_37.410567, -122.297152",8.038005173567462e-05
"cat__Lat Long_38.264262, -120.515133",8.022065698341209e-05
cat__City_Greenwood,8.006930289635472e-05
"cat__Lat Long_38.922812, -121.312005",8.002084471726605e-05
"cat__Lat Long_33.994676, -117.372498",7.986578801545002e-05
"cat__Lat Long_34.244411, -117.072654",7.941371467620821e-05
cat__City_Thousand Oaks,7.931420262757424e-05
"cat__Lat Long_37.776523, -122.219268",7.928705535504729e-05
cat__City_Etna,7.900292218681457e-05
cat__City_Indio,7.877646310233964e-05
"cat__Lat Long_33.801869, -117.995068",7.841243513209192e-05
cat__City_Exeter,7.840214604633907e-05
"cat__Lat Long_33.698728, -117.67768",7.829788875033999e-05
"cat__Lat Long_37.327069, -121.916819",7.826638103980972e-05
"cat__Lat Long_37.656695, -122.048361",7.812964396611707e-05
cat__City_Port Costa,7.797102663732788e-05
"cat__Lat Long_37.279689, -121.954567",7.79277667716998e-05
"cat__Lat Long_36.623632, -119.741322",7.786586406933251e-05
cat__City_San Juan Capistrano,7.769950609577366e-05
"cat__Lat Long_36.798882, -120.019511",7.753742892305297e-05
"cat__Lat Long_35.050345, -120.489599",7.725357225753483e-05
cat__City_Encino,7.70519317620747e-05
cat__City_Redondo Beach,7.698168328797958e-05
"cat__Lat Long_34.191842, -118.822796",7.691830345787252e-05
cat__City_Niland,7.686723333142593e-05
"cat__Lat Long_34.182378, -118.262922",7.684477313601507e-05
cat__City_Manteca,7.668969640522992e-05
cat__City_Alhambra,7.656834762310423e-05
cat__City_San Jacinto,7.642901325465799e-05
cat__City_Perris,7.641180165241415e-05
cat__City_Tollhouse,7.628396539952896e-05
cat__City_Winnetka,7.62082228325329e-05
cat__City_Redway,7.60287952865107e-05
cat__City_Imperial Beach,7.602208407504343e-05
cat__City_Mission Hills,7.598951022669138e-05
cat__City_Vista,7.594931334319994e-05
cat__City_Murrieta,7.590828917474431e-05
cat__City_Clovis,7.590093414003292e-05
"cat__Lat Long_37.943087, -122.72379",7.56125085475053e-05
cat__City_Highland,7.558385384594508e-05
cat__City_Sunnyvale,7.518944943512703e-05
"cat__Lat Long_38.526941, -122.709096",7.497882473125551e-05
cat__City_Myers Flat,7.480687537182922e-05
"cat__Lat Long_33.987945, -118.370442",7.46871308113847e-05
cat__City_Lake City,7.45840225675967e-05
cat__City_Ravendale,7.44940565563156e-05
"cat__Lat Long_34.074572, -118.831181",7.407300346605891e-05
cat__City_Avalon,7.403048941948415e-05
"cat__Lat Long_34.17211, -115.769773",7.385877201287852e-05
"cat__Lat Long_33.521447, -117.602555",7.382002660697748e-05
"cat__Lat Long_33.849263, -116.382778",7.375976964404328e-05
"cat__Lat Long_33.828289, -117.201666",7.364774500439804e-05
"cat__Lat Long_33.859171, -118.252272",7.364238895667675e-05
"cat__Lat Long_34.002642, -118.287596",7.348634597176841e-05
cat__City_Chico,7.3391377024619e-05
cat__City_Birds Landing,7.337773167645952e-05
"cat__Lat Long_32.673483, -116.472863",7.313708450244717e-05
"cat__Lat Long_33.929812, -116.76058",7.304598354832592e-05
cat__City_Lincoln,7.281698749388827e-05
cat__City_Lomita,7.276135181077431e-05
"cat__Lat Long_38.883224, -121.15918",7.274099861952422e-05
cat__City_Angels Camp,7.237277321702829e-05
cat__City_Mountain View,7.228269339873198e-05
cat__City_La Quinta,7.210734851337016e-05
cat__City_Johannesburg,7.2013876615409e-05
"cat__Lat Long_34.227846, -119.079903",7.18835769495975e-05
"cat__Lat Long_33.655421, -117.391751",7.183875871387843e-05
"cat__Lat Long_32.695681, -116.798386",7.183473300288918e-05
"cat__Lat Long_34.214054, -118.88109",7.144853263167051e-05
cat__City_Ladera Ranch,7.131843315217247e-05
"cat__Lat Long_34.039224, -118.266293",7.125482286445086e-05
"cat__Lat Long_37.901371, -122.572024",7.125354600465557e-05
"cat__Lat Long_33.806708, -117.02007",7.116987217923366e-05
cat__City_Atherton,7.099468721134629e-05
cat__City_Colton,7.079124708436311e-05
cat__City_Vallecito,7.078906405862119e-05
"cat__Lat Long_33.989524, -118.089299",7.067273170112462e-05
cat__City_Cardiff By The Sea,7.061775942554921e-05
"cat__Lat Long_32.636792, -117.054989",7.050783716213502e-05
cat__City_Alturas,7.042996774696544e-05
"cat__Lat Long_38.25485, -122.461799",7.03650399760769e-05
cat__City_Rialto,7.019370541485015e-05
cat__City_Ventura,6.992521366104175e-05
"cat__Lat Long_33.695532, -116.310571",6.976643031742546e-05
"cat__Lat Long_32.726627, -116.994608",6.970861174960295e-05
cat__City_Sun City,6.969684455742457e-05
"cat__Lat Long_33.829583, -116.474131",6.966260897424127e-05
"cat__Lat Long_35.073777, -118.652112",6.963301199774079e-05
"cat__Lat Long_38.419088, -122.024568",6.950533900155353e-05
cat__City_Carson,6.926355536561961e-05
"cat__Lat Long_39.117018, -120.212535",6.90580859720811e-05
cat__City_Bellflower,6.89944207946577e-05
"cat__Lat Long_34.110444, -118.156957",6.89856461783185e-05
"cat__Lat Long_34.024405, -117.898722",6.8897185760321e-05
cat__City_New Cuyama,6.887054704738537e-05
cat__City_Altadena,6.8737421679344e-05
cat__City_Rancho Cordova,6.871370754975157e-05
cat__City_Redding,6.867031818699741e-05
"cat__Lat Long_38.287136, -122.02711",6.866462731565949e-05
"cat__Lat Long_32.800671, -116.483363",6.860048257296508e-05
"cat__Lat Long_38.140719, -121.838298",6.85805467617875e-05
"cat__Lat Long_40.689243, -122.037023",6.854149035568355e-05
cat__City_White Water,6.848176042974449e-05
"cat__Lat Long_33.752524, -118.210737",6.843744790393738e-05
"cat__Lat Long_36.452211, -119.94575",6.841459583114386e-05
"cat__Lat Long_37.601248, -122.403099",6.829272041320637e-05
"cat__Lat Long_33.867593, -118.080637",6.826662273114363e-05
"cat__Lat Long_35.523991, -118.400432",6.821312387805845e-05
cat__City_Davenport,6.820242920670742e-05
cat__City_Glendora,6.817118660220685e-05
cat__City_Cutler,6.798513076417543e-05
cat__City_Big Pine,6.794655063728767e-05
"cat__Lat Long_32.980678, -116.262854",6.793237100563805e-05
"cat__Lat Long_33.949255, -118.246978",6.790597671926734e-05
"cat__Lat Long_33.940884, -118.128628",6.789182731001427e-05
"cat__Lat Long_37.479926, -120.230424",6.773551548104084e-05
cat__City_Homewood,6.744639693056917e-05
"cat__Lat Long_34.196837, -118.142236",6.743436670771399e-05
"cat__Lat Long_32.64164, -116.985026",6.742638066536199e-05
"cat__Lat Long_41.729079, -120.225025",6.739108126292042e-05
cat__City_Frazier Park,6.728460652287178e-05
cat__City_South El Monte,6.727432516782877e-05
"cat__Lat Long_40.408796, -121.579609",6.725260588788674e-05
"cat__Lat Long_34.101608, -118.055848",6.720828354042558e-05
"cat__Lat Long_38.815515, -120.916997",6.715183734163506e-05
"cat__Lat Long_35.824572, -116.274755",6.679221920684784e-05
"cat__Lat Long_33.924143, -117.79387",6.675523857479803e-05
cat__City_Coachella,6.67220709268047e-05
"cat__Lat Long_33.964131, -118.272783",6.642750327637785e-05
"cat__Lat Long_34.04622, -118.053753",6.642726439198856e-05
"cat__Lat Long_38.208336, -120.339938",6.641716677459383e-05
"cat__Lat Long_38.625096, -121.383658",6.634334437116723e-05
cat__City_Valyermo,6.626964541465968e-05
cat__City_Loyalton,6.619409221738725e-05
"cat__Lat Long_34.146957, -118.432138",6.605612168392431e-05
"cat__Lat Long_33.976753, -117.897367",6.591887149159356e-05
"cat__Lat Long_36.993666, -119.348267",6.588306741712327e-05
"cat__Lat Long_33.839989, -116.659215",6.580439615161292e-05
"cat__Lat Long_38.052209, -122.775567",6.57608201067443e-05
"cat__Lat Long_32.72523, -117.171346",6.575752644123219e-05
"cat__Lat Long_32.827184, -116.703729",6.575019511183385e-05
"cat__Lat Long_38.375325, -121.507935",6.563096757689727e-05
cat__City_Beale Afb,6.551312908452206e-05
cat__City_Coronado,6.543638464502343e-05
cat__City_Big Bend,6.53542408669417e-05
"cat__Lat Long_34.502432, -118.41459",6.53054531775418e-05
cat__City_Fulton,6.499258526406821e-05
"cat__Lat Long_34.273872, -114.192901",6.493310965924936e-05
"cat__Lat Long_38.921333, -120.897718",6.491856994414143e-05
cat__City_San Pedro,6.489263229938147e-05
"cat__Lat Long_33.766004, -117.786763",6.48728438972617e-05
"cat__Lat Long_34.165383, -118.123752",6.46829890917086e-05
"cat__Lat Long_36.205465, -119.085807",6.465946361248345e-05
cat__City_Lewiston,6.463790167441363e-05
"cat__Lat Long_33.86532, -118.396336",6.46219633121877e-05
"cat__Lat Long_32.67117, -117.00232",6.459531855448571e-05
"cat__Lat Long_38.689174, -121.218435",6.451539486289493e-05
"cat__Lat Long_33.874224, -117.993368",6.450009757151782e-05
cat__City_San Pablo,6.442485027790008e-05
"cat__Lat Long_40.022184, -121.062384",6.415447571286757e-05
cat__City_Pinole,6.402985600758959e-05
cat__City_Hood,6.399916257468566e-05
"cat__Lat Long_36.768774, -119.762633",6.395378237449282e-05
cat__City_Merced,6.395195517363501e-05
cat__City_Parker Dam,6.393413477290748e-05
"cat__Lat Long_40.740138, -122.587476",6.392730861658929e-05
cat__City_Salinas,6.391078835608867e-05
"cat__Lat Long_38.147852, -120.440124",6.38505341906932e-05
"cat__Lat Long_34.202494, -118.448048",6.369578101629003e-05
"cat__Lat Long_38.348884, -122.51699",6.367622840807097e-05
"cat__Lat Long_37.80707, -122.297401",6.361110137127137e-05
cat__City_Homeland,6.36095150812465e-05
cat__City_Bolinas,6.344152574153888e-05
cat__City_Penngrove,6.331007092991026e-05
"cat__Lat Long_41.468877, -120.54229",6.329195493875775e-05
cat__City_Livermore,6.317455764616068e-05
"cat__Lat Long_34.294142, -118.603883",6.3128421876016e-05
cat__City_Fairfield,6.312543791875325e-05
"cat__Lat Long_38.731055, -123.316553",6.310397885125134e-05
cat__City_Pearblossom,6.309279212587895e-05
"cat__Lat Long_34.065108, -118.082791",6.308400155261036e-05
"cat__Lat Long_33.391181, -118.421305",6.303148496611828e-05
"cat__Lat Long_38.954144, -121.482536",6.29043773335827e-05
cat__City_Dobbins,6.281316970082033e-05
"cat__Lat Long_33.830431, -118.074071",6.274441668617295e-05
"cat__Lat Long_32.808814, -117.134694",6.266594026632504e-05
"cat__Lat Long_32.857946, -116.561917",6.261100941058612e-05
"cat__Lat Long_33.847755, -118.112532",6.235046996970761e-05
"cat__Lat Long_35.176236, -120.483243",6.23155635402888e-05
"cat__Lat Long_39.381174, -121.21191",6.230516930041148e-05
"cat__Lat Long_38.325599, -122.642352",6.224825069555911e-05
"cat__Lat Long_34.457829, -116.139589",6.213542353136482e-05
"cat__Lat Long_37.965695, -121.260051",6.212384103437292e-05
cat__City_Fontana,6.21097817928781e-05
cat__City_Woodland Hills,6.204295703882705e-05
cat__City_Novato,6.202546790228495e-05
cat__City_Riverdale,6.19995914291679e-05
cat__City_Mineral,6.194762216000123e-05
cat__City_Newcastle,6.191326392165707e-05
cat__City_Korbel,6.187716586480711e-05
cat__City_Los Osos,6.168797429071463e-05
cat__City_Valencia,6.167610069896347e-05
"cat__Lat Long_32.698964, -115.886656",6.157670412188978e-05
cat__City_West Point,6.134785333363214e-05
"cat__Lat Long_34.501452, -118.207862",6.134177115460502e-05
cat__City_Campbell,6.133143851826903e-05
"cat__Lat Long_34.195386, -118.238508",6.132341220312105e-05
cat__City_Angwin,6.126791970775754e-05
cat__City_Temple City,6.116090608604698e-05
cat__City_Palo Alto,6.114985137508208e-05
cat__City_Ridgecrest,6.111666704636342e-05
"cat__Lat Long_33.015866, -117.272254",6.107063141279946e-05
"cat__Lat Long_39.424957, -122.039307",6.106542552205085e-05
"cat__Lat Long_33.830099, -118.182239",6.104733059193791e-05
"cat__Lat Long_33.973616, -118.24902",6.101325447914449e-05
"cat__Lat Long_33.991782, -118.479229",6.082963823426251e-05
cat__City_Casmalia,6.0718442880326234e-05
"cat__Lat Long_34.14649, -117.849815",6.069257861223473e-05
cat__City_Meridian,6.06383840162659e-05
"cat__Lat Long_33.794209, -118.317354",6.0592537807009706e-05
"cat__Lat Long_37.827946, -122.107185",6.054812581262473e-05
"cat__Lat Long_38.602723, -121.279913",6.05233015730885e-05
cat__City_Manhattan Beach,6.0475536635265555e-05
"cat__Lat Long_37.114335, -122.237162",6.039821644433593e-05
cat__City_South Lake Tahoe,6.037461985287603e-05
"cat__Lat Long_34.39583, -117.734568",6.036895514300686e-05
"cat__Lat Long_38.049457, -121.21653",6.034742875930651e-05
cat__City_Hayfork,6.031396730551073e-05
"cat__Lat Long_35.869626, -119.498771",6.030577135605912e-05
cat__City_Lynwood,6.027719965493377e-05
"cat__Lat Long_37.277592, -121.986477",6.0152299932513724e-05
cat__City_Hat Creek,6.015064319837933e-05
cat__City_Rio Oso,6.0026432332282886e-05
"cat__Lat Long_37.801776, -122.402293",5.9917276232885574e-05
cat__City_Julian,5.9817628846526514e-05
cat__City_Apple Valley,5.975836258060693e-05
cat__City_Covina,5.9593211081286215e-05
"cat__Lat Long_37.828416, -122.216005",5.959255522539602e-05
cat__City_Thermal,5.946733900746915e-05
cat__City_Summerland,5.946689287919832e-05
"cat__Lat Long_34.250069, -117.393949",5.946641178992674e-05
"cat__Lat Long_41.701223, -124.003393",5.941731456805329e-05
"cat__Lat Long_38.014457, -122.115432",5.934878555112176e-05
"cat__Lat Long_33.753146, -118.367459",5.921612247849361e-05
cat__City_Solvang,5.9163072207894147e-05
"cat__Lat Long_38.687367, -121.34848",5.911023761347836e-05
cat__City_Rescue,5.9095225512434765e-05
"cat__Lat Long_39.681488, -121.83721",5.908905319067042e-05
cat__City_Lotus,5.907515412582754e-05
"cat__Lat Long_33.540604, -117.10909",5.904896484076241e-05
"cat__Lat Long_38.41935, -120.469545",5.903505226830231e-05
"cat__Lat Long_37.639029, -120.964772",5.8995065851992215e-05
"cat__Lat Long_38.010092, -122.689442",5.889569513935436e-05
"cat__Lat Long_35.151491, -117.927597",5.882012129610243e-05
"cat__Lat Long_34.174215, -118.345928",5.87597215583892e-05
cat__City_Blocksburg,5.8732819674863024e-05
cat__City_Blue Lake,5.8709798816979466e-05
cat__City_Studio City,5.866585962557227e-05
"cat__Lat Long_33.876482, -118.284077",5.8450306393254997e-05
"cat__Lat Long_39.125311, -121.392283",5.83300993308786e-05
"cat__Lat Long_34.457005, -118.573726",5.829005544152584e-05
cat__City_Boulder Creek,5.82563283485102e-05
"cat__Lat Long_39.061227, -120.179546",5.820748306041177e-05
"cat__Lat Long_34.003553, -118.308933",5.820254280397971e-05
cat__City_Gonzales,5.819390023786835e-05
"cat__Lat Long_33.879983, -117.895482",5.811094725449185e-05
cat__City_Pinecrest,5.8029577718316934e-05
cat__City_Comptche,5.7950636560257175e-05
"cat__Lat Long_33.912246, -118.236773",5.792054102544461e-05
cat__City_Santa Ynez,5.7873386881782205e-05
"cat__Lat Long_33.889632, -118.39737",5.77973367701284e-05
cat__City_Newhall,5.779097300087971e-05
cat__City_Grass Valley,5.7785527249919705e-05
"cat__Lat Long_34.402343, -119.094824",5.7749071381290146e-05
"cat__Lat Long_41.816595, -122.948287",5.7706476700060345e-05
cat__City_Pleasant Grove,5.759498845610151e-05
"cat__Lat Long_38.691607, -121.602284",5.7585593692318795e-05
"cat__Lat Long_32.707892, -117.05512",5.756267244041598e-05
cat__City_South Dos Palos,5.750805948050663e-05
cat__City_Fawnskin,5.7457833898259285e-05
cat__City_Alderpoint,5.731197803955177e-05
"cat__Lat Long_38.493888, -122.777141",5.731085508226789e-05
"cat__Lat Long_34.536232, -118.082935",5.729913105287586e-05
cat__City_Green Valley Lake,5.706333839749627e-05
cat__City_Thousand Palms,5.7023447120032296e-05
"cat__Lat Long_33.787796, -117.875928",5.7008110829913864e-05
"cat__Lat Long_38.833554, -121.498102",5.691828192518516e-05
"cat__Lat Long_37.245505, -118.062943",5.6583502000847185e-05
"cat__Lat Long_35.097323, -118.171288",5.656608538115154e-05
cat__City_Pine Valley,5.652427688806758e-05
cat__City_Rosemead,5.6486054531101505e-05
"cat__Lat Long_34.420998, -119.60137",5.638446304639126e-05
"cat__Lat Long_41.486953, -120.913975",5.633028271502109e-05
cat__City_Strawberry Valley,5.617303211957884e-05
cat__City_Mountain Ranch,5.610074160505448e-05
cat__City_Flournoy,5.593474603139177e-05
"cat__Lat Long_37.818543, -121.006907",5.58771095654323e-05
"cat__Lat Long_37.691561, -122.445202",5.579600208060761e-05
cat__City_Boron,5.573969920878462e-05
cat__City_Murphys,5.5734538783010975e-05
"cat__Lat Long_37.28682, -121.723877",5.572806855029283e-05
"cat__Lat Long_33.482243, -116.827173",5.560983932589984e-05
cat__City_Santa Paula,5.560540392094173e-05
"cat__Lat Long_41.405193, -123.008567",5.5589125022550424e-05
"cat__Lat Long_34.072945, -118.37267",5.551365502915278e-05
"cat__Lat Long_39.637471, -120.226338",5.539847813793741e-05
"cat__Lat Long_33.783047, -118.1486",5.538532795085176e-05
cat__City_Shingle Springs,5.536561973459442e-05
cat__City_Eldridge,5.528179986512841e-05
cat__City_Oak Run,5.526094718569725e-05
cat__City_North Highlands,5.5189848861648144e-05
cat__City_Ducor,5.510925735216008e-05
"cat__Lat Long_40.936285, -121.572692",5.51032768961929e-05
"cat__Lat Long_33.946982, -116.977672",5.5070559616171965e-05
"cat__Lat Long_38.71967, -121.862416",5.505753335291247e-05
cat__City_Lemon Cove,5.5022819739481125e-05
"cat__Lat Long_40.210895, -123.86",5.4964474171088655e-05
cat__City_Crows Landing,5.482392427545764e-05
cat__City_Planada,5.481258861580946e-05
"cat__Lat Long_37.878554, -122.26609",5.4663882597683606e-05
"cat__Lat Long_33.823943, -118.111335",5.46049236295893e-05
"cat__Lat Long_36.600193, -120.153393",5.446047271578771e-05
"cat__Lat Long_38.736685, -121.251984",5.4319262873045074e-05
"cat__Lat Long_33.844983, -117.952151",5.427204523090516e-05
"cat__Lat Long_34.089953, -118.294824",5.427127369654229e-05
"cat__Lat Long_38.184914, -120.364085",5.4239853945633905e-05
cat__City_Cabazon,5.409397027054772e-05
cat__City_Pico Rivera,5.409110505020881e-05
cat__City_Rowland Heights,5.4063885013751764e-05
cat__City_Del Mar,5.399037780857505e-05
"cat__Lat Long_37.7795, -122.419233",5.390088039590576e-05
"cat__Lat Long_36.594542, -119.905245",5.3898229342086356e-05
"cat__Lat Long_37.980269, -122.342635",5.380133920420506e-05
cat__City_Termo,5.372406086537034e-05
cat__City_Escondido,5.370473332998593e-05
"cat__Lat Long_33.666301, -117.969501",5.3622137240694296e-05
"cat__Lat Long_37.713926, -121.928425",5.3557632559189194e-05
"cat__Lat Long_39.346898, -121.759537",5.337338139574077e-05
"cat__Lat Long_37.716186, -121.025836",5.329692145595924e-05
"cat__Lat Long_33.680302, -117.833296",5.3213954759275255e-05
cat__City_Big Sur,5.312686405238967e-05
cat__City_Calistoga,5.293371250503316e-05
"cat__Lat Long_39.239818, -123.565432",5.283578004947527e-05
"cat__Lat Long_34.274846, -116.937581",5.2724522290748166e-05
"cat__Lat Long_37.897743, -122.263124",5.2715131566975114e-05
"cat__Lat Long_34.213049, -118.317651",5.261409981390363e-05
"cat__Lat Long_36.636638, -119.421842",5.2559111432276515e-05
cat__City_Reseda,5.255569706804938e-05
"cat__Lat Long_34.015217, -118.109962",5.2537860437038116e-05
"cat__Lat Long_34.150354, -118.518292",5.248189237089097e-05
cat__City_Badger,5.245259905536271e-05
cat__City_Princeton,5.242257061463822e-05
"cat__Lat Long_38.475465, -121.443625",5.241160205836048e-05
cat__City_Challenge,5.21577822356598e-05
cat__City_Chowchilla,5.215181439668588e-05
cat__City_Venice,5.213042396831357e-05
"cat__Lat Long_38.200231, -121.235034",5.209127673065177e-05
cat__City_Mather,5.209059955506311e-05
cat__City_Palo Verde,5.2043814769628715e-05
"cat__Lat Long_40.89866, -123.539754",5.19761059059956e-05
"cat__Lat Long_33.679659, -118.016195",5.191073227023999e-05
cat__City_Midpines,5.186854412449202e-05
cat__City_Chatsworth,5.177762728967414e-05
"cat__Lat Long_32.782501, -117.01611",5.177622083533699e-05
"cat__Lat Long_32.607964, -117.059459",5.1737200830086945e-05
cat__City_Williams,5.1734427671793734e-05
"cat__Lat Long_38.629618, -122.593216",5.1623886968970354e-05
cat__City_Winchester,5.1470530582339e-05
"cat__Lat Long_34.074492, -118.01462",5.146894834022255e-05
"cat__Lat Long_37.902968, -119.667544",5.137334640564229e-05
"cat__Lat Long_37.371862, -121.860349",5.136235075696371e-05
"cat__Lat Long_38.093701, -122.276589",5.126285044973828e-05
"cat__Lat Long_32.730583, -115.501083",5.088232439005812e-05
"cat__Lat Long_35.215731, -119.57013",5.087626583350009e-05
cat__City_Posey,5.08580353578994e-05
cat__City_Half Moon Bay,5.079932465791498e-05
"cat__Lat Long_33.054579, -117.25665",5.079919275688811e-05
cat__City_Montebello,5.078231174448009e-05
"cat__Lat Long_37.393554, -121.965114",5.075650840135491e-05
"cat__Lat Long_34.174493, -117.87068",5.073418929884273e-05
"cat__Lat Long_34.200175, -118.540958",5.058488508055421e-05
cat__City_Gasquet,5.054904240845998e-05
"cat__Lat Long_34.137319, -118.029837",5.053999728178201e-05
cat__City_Portola Valley,5.053374184832855e-05
"cat__Lat Long_41.962127, -122.527696",5.045812902504309e-05
"cat__Lat Long_34.460197, -119.802602",5.028505376721506e-05
cat__City_Santa Clarita,5.025635309734754e-05
cat__City_Arcadia,5.019385714286375e-05
"cat__Lat Long_34.064073, -117.166158",5.015114469691056e-05
"cat__Lat Long_39.099204, -121.137962",5.0147030284211295e-05
cat__City_Mill Valley,5.0104380383888016e-05
cat__City_Tehachapi,4.9975631778321256e-05
cat__City_Marina,4.9947189978167564e-05
"cat__Lat Long_33.713891, -116.237257",4.9900749058371374e-05
cat__City_Trabuco Canyon,4.988005723586442e-05
"cat__Lat Long_37.581496, -119.972762",4.9873867273181746e-05
"cat__Lat Long_37.687264, -122.15728",4.979465657145229e-05
cat__City_Campo,4.9791519587320534e-05
cat__City_Reedley,4.971732990957569e-05
cat__City_Quincy,4.963373658394465e-05
"cat__Lat Long_36.248708, -121.386617",4.9611937055041054e-05
cat__City_Woody,4.9538191004534027e-05
cat__City_Trinidad,4.9467811545427e-05
cat__City_Travis Afb,4.9425850683959115e-05
"cat__Lat Long_38.049292, -122.228415",4.931894573428901e-05
"cat__Lat Long_34.983808, -117.239306",4.922908580006748e-05
"cat__Lat Long_37.624436, -122.430661",4.9216787467862176e-05
"cat__Lat Long_39.732767, -122.042298",4.910166727945948e-05
"cat__Lat Long_39.432127, -121.099287",4.901514518111184e-05
"cat__Lat Long_38.109125, -120.078597",4.898094451161711e-05
"cat__Lat Long_33.680031, -116.171678",4.8958060724219084e-05
"cat__Lat Long_37.720498, -122.443119",4.895343253102932e-05
"cat__Lat Long_34.630356, -120.032564",4.891528159521187e-05
"cat__Lat Long_33.929704, -118.01208",4.8893194436079475e-05
cat__City_Grand Terrace,4.883215791721747e-05
"cat__Lat Long_36.625114, -121.823565",4.86954868653032e-05
cat__City_Lindsay,4.866326796625837e-05
"cat__Lat Long_32.774046, -117.142454",4.863349609208972e-05
"cat__Lat Long_34.027337, -118.28515",4.859079552835148e-05
"cat__Lat Long_41.027281, -120.669427",4.844692087888736e-05
cat__City_Yuba City,4.842781286392675e-05
"cat__Lat Long_34.017697, -118.200577",4.842129171572561e-05
"cat__Lat Long_38.911577, -120.106169",4.8349646106953794e-05
"cat__Lat Long_38.027218, -122.23463",4.830745328930042e-05
cat__City_Northridge,4.827476748603302e-05
cat__City_Westlake Village,4.8173181143075096e-05
cat__City_Acton,4.814443120137677e-05
"cat__Lat Long_34.130992, -118.894673",4.8125659611236525e-05
cat__City_Mecca,4.8018317392399004e-05
"cat__Lat Long_34.956577, -119.750142",4.788284079887084e-05
"cat__Lat Long_38.445939, -121.496855",4.779028963124341e-05
cat__City_Freedom,4.7639216335522984e-05
"cat__Lat Long_38.805481, -120.13287",4.763740593364999e-05
"cat__Lat Long_37.571748, -121.659562",4.752527416678221e-05
"cat__Lat Long_34.419203, -119.710008",4.748006251237814e-05
cat__City_Sun Valley,4.7436003497799867e-05
"cat__Lat Long_33.873395, -118.37019",4.736185350092015e-05
"cat__Lat Long_32.827238, -117.089287",4.7360386968192245e-05
"cat__Lat Long_32.886925, -117.152162",4.734134938417717e-05
"cat__Lat Long_39.578792, -120.780786",4.732044099352277e-05
cat__City_Wasco,4.729338146993754e-05
"cat__Lat Long_34.065875, -118.238728",4.723343454303236e-05
"cat__Lat Long_37.996462, -122.293716",4.7224734231290886e-05
"cat__Lat Long_33.762351, -117.488725",4.721514870969436e-05
cat__City_Darwin,4.7204803084751705e-05
"cat__Lat Long_32.741499, -117.127409",4.716910752981353e-05
"cat__Lat Long_34.1692, -118.372498",4.713478244963496e-05
"cat__Lat Long_33.570023, -117.773669",4.711662451893605e-05
cat__City_Laguna Beach,4.7058333744312076e-05
"cat__Lat Long_32.787836, -117.232376",4.705706068958846e-05
cat__City_Brawley,4.679782189840764e-05
"cat__Lat Long_36.936228, -121.785559",4.676059425531013e-05
"cat__Lat Long_38.550722, -121.457314",4.670594638870776e-05
"cat__Lat Long_37.294926, -121.894763",4.669513068966402e-05
"cat__Lat Long_35.165668, -120.655842",4.661308735982435e-05
cat__City_Adin,4.661267752432432e-05
cat__City_Bonita,4.6550058975227554e-05
cat__City_Buena Park,4.649603084739905e-05
"cat__Lat Long_32.71346, -117.236378",4.6459236344550515e-05
cat__City_Sutter Creek,4.6418430390792506e-05
"cat__Lat Long_35.652242, -119.4464",4.640174855666938e-05
"cat__Lat Long_34.281911, -118.556218",4.639176091197514e-05
cat__City_Upper Lake,4.636907351258707e-05
cat__City_Hawaiian Gardens,4.6272050139486537e-05
"cat__Lat Long_33.03933, -115.191857",4.619011214635352e-05
"cat__Lat Long_36.319181, -117.593053",4.6173709324398744e-05
cat__City_Delano,4.595696180576873e-05
"cat__Lat Long_36.296851, -117.865469",4.593526849915621e-05
"cat__Lat Long_35.710244, -118.881679",4.5898536735851395e-05
"cat__Lat Long_33.782346, -117.635263",4.586794926606979e-05
"cat__Lat Long_34.102084, -118.451629",4.585553575076985e-05
"cat__Lat Long_34.943523, -120.256729",4.5809317603640586e-05
"cat__Lat Long_34.199787, -118.68493",4.5663445993754955e-05
"cat__Lat Long_36.785618, -120.625382",4.553109423920307e-05
"cat__Lat Long_32.785165, -116.862648",4.547810527787663e-05
"cat__Lat Long_34.445239, -117.894868",4.542982073856039e-05
"cat__Lat Long_34.030578, -118.399613",4.533526623833278e-05
"cat__Lat Long_33.807882, -118.347957",4.5208966184735874e-05
"cat__Lat Long_33.044541, -116.833922",4.513645677788529e-05
"cat__Lat Long_40.184094, -123.745487",4.498014242120217e-05
"cat__Lat Long_34.003243, -117.138286",4.496258639683213e-05
"cat__Lat Long_35.939068, -119.043666",4.490096905089478e-05
cat__City_Meadow Valley,4.4762024230118965e-05
"cat__Lat Long_33.885811, -118.206459",4.4751773551547184e-05
"cat__Lat Long_33.990646, -117.663025",4.474863036362348e-05
"cat__Lat Long_41.096569, -121.879082",4.46866810569765e-05
"cat__Lat Long_33.569186, -117.640055",4.468367124850392e-05
"cat__Lat Long_38.274451, -121.259201",4.466013303896397e-05
"cat__Lat Long_32.852947, -114.850784",4.464379001476704e-05
"cat__Lat Long_35.349241, -116.770281",4.4610811968455845e-05
"cat__Lat Long_39.971228, -121.041166",4.459209198158006e-05
cat__City_Happy Camp,4.4580735031907224e-05
cat__City_Dunsmuir,4.446371042444854e-05
"cat__Lat Long_37.449537, -121.994813",4.445325932095643e-05
cat__City_Capistrano Beach,4.443986205048569e-05
"cat__Lat Long_39.492046, -123.375818",4.439694992010553e-05
"cat__Lat Long_33.833181, -118.292062",4.437057029228527e-05
"cat__Lat Long_35.280113, -118.962329",4.4174086696432904e-05
"cat__Lat Long_33.833699, -118.314387",4.4169938197589926e-05
cat__City_Castro Valley,4.412780389163192e-05
"cat__Lat Long_37.388349, -122.075299",4.407846124403386e-05
cat__City_Olema,4.377690473052537e-05
"cat__Lat Long_35.363339, -117.637641",4.3739909659175164e-05
cat__City_Marina Del Rey,4.3736978762604096e-05
cat__City_Corcoran,4.372325210693917e-05
"cat__Lat Long_37.350284, -121.852855",4.363571802297582e-05
"cat__Lat Long_33.828779, -117.848299",4.351914206388567e-05
"cat__Lat Long_35.391733, -118.984109",4.351500564103704e-05
"cat__Lat Long_36.654614, -119.903674",4.350659740591438e-05
cat__City_Aptos,4.3495723583107775e-05
"cat__Lat Long_34.209532, -118.577563",4.347416475185022e-05
cat__City_Winterhaven,4.343992662568424e-05
"cat__Lat Long_34.142747, -117.300864",4.3373258223663826e-05
cat__City_Miranda,4.3306969527444556e-05
cat__City_Fair Oaks,4.328701048192199e-05
"cat__Lat Long_37.721052, -122.413573",4.32684746266115e-05
"cat__Lat Long_36.52588, -121.396719",4.3223890218360585e-05
cat__City_Klamath River,4.321496058946418e-05
"cat__Lat Long_40.309088, -123.668201",4.319593339261588e-05
cat__City_Gridley,4.317498812209208e-05
"cat__Lat Long_33.822295, -118.26411",4.3147908890703624e-05
"cat__Lat Long_37.848641, -122.515692",4.306476245162073e-05
cat__City_Long Barn,4.305282095149648e-05
cat__City_Maricopa,4.2929495981297105e-05
cat__City_Corona Del Mar,4.289195969027803e-05
"cat__Lat Long_38.232389, -122.324944",4.281918768221202e-05
"cat__Lat Long_37.739113, -122.175602",4.276497018646259e-05
"cat__Lat Long_34.02381, -118.156582",4.267085192206971e-05
"cat__Lat Long_33.345825, -115.596574",4.262152696723483e-05
cat__City_Hughson,4.259545543904619e-05
cat__City_San Marcos,4.257624650366614e-05
cat__City_San Fernando,4.25360576390348e-05
"cat__Lat Long_33.148116, -117.306043",4.2524874462854316e-05
cat__City_Glenhaven,4.24869528312854e-05
cat__City_Nicasio,4.248170717601383e-05
cat__City_Camarillo,4.247810566002564e-05
cat__City_Tahoe City,4.2472842004950155e-05
"cat__Lat Long_35.342891, -119.064803",4.246406842247161e-05
cat__City_Live Oak,4.245929961700425e-05
cat__City_Camino,4.244455127477877e-05
"cat__Lat Long_35.279984, -120.824288",4.2337748285122516e-05
"cat__Lat Long_38.671295, -121.388251",4.222568216563256e-05
cat__City_Landers,4.218444975132662e-05
"cat__Lat Long_32.830852, -116.444601",4.2169813408758164e-05
cat__City_Lucerne,4.214128124538469e-05
cat__City_Firebaugh,4.209477965709808e-05
"cat__Lat Long_40.372532, -123.525626",4.2057775440109125e-05
"cat__Lat Long_34.059281, -118.30742",4.203255494405278e-05
"cat__Lat Long_40.617614, -122.512861",4.189350431794334e-05
cat__City_San Lucas,4.187689967832263e-05
cat__City_Olancha,4.1855456064949814e-05
"cat__Lat Long_33.119028, -117.166036",4.184937408778426e-05
"cat__Lat Long_33.21846, -117.116916",4.1844440097231486e-05
"cat__Lat Long_39.53222, -122.594879",4.182733606943365e-05
"cat__Lat Long_34.758699, -120.275839",4.180181078345319e-05
cat__City_Escalon,4.176629461668545e-05
"cat__Lat Long_37.441931, -121.878502",4.171949003396228e-05
"cat__Lat Long_33.832799, -116.250973",4.168350303179735e-05
"cat__Lat Long_39.258746, -121.77697",4.163914588452609e-05
cat__City_Moreno Valley,4.1636834924965515e-05
"cat__Lat Long_36.391777, -119.372842",4.157849823194105e-05
"cat__Lat Long_34.737031, -119.460557",4.148071612433905e-05
"cat__Lat Long_37.99272, -122.575026",4.1447034776215624e-05
"cat__Lat Long_34.167926, -118.267539",4.143984584921356e-05
"cat__Lat Long_34.130861, -118.68346",4.1434479628908296e-05
cat__City_Artesia,4.1362389669923466e-05
"cat__Lat Long_33.930931, -117.361788",4.134357431594897e-05
"cat__Lat Long_34.122671, -118.112911",4.128864302471296e-05
"cat__Lat Long_34.361387, -117.337509",4.126005519705253e-05
"cat__Lat Long_38.983388, -120.988814",4.1243109455654526e-05
"cat__Lat Long_32.747484, -117.166877",4.120611155320442e-05
"cat__Lat Long_37.238758, -121.828375",4.119101083081518e-05
cat__City_Walnut,4.1160770916469434e-05
"cat__Lat Long_36.917652, -119.593757",4.1135274307898334e-05
"cat__Lat Long_38.652065, -121.25441",4.112079109892931e-05
"cat__Lat Long_33.194742, -117.29032",4.111810803604429e-05
cat__City_Santa Fe Springs,4.1107993085006974e-05
"cat__Lat Long_37.027663, -119.69056",4.110592025137935e-05
cat__City_Alpine,4.1096657936204285e-05
cat__City_Granite Bay,4.1016279649046793e-05
cat__City_Phelan,4.099877464730603e-05
"cat__Lat Long_38.311609, -121.554034",4.093034960450048e-05
"cat__Lat Long_33.645672, -117.922613",4.089241183029556e-05
"cat__Lat Long_34.146635, -118.139225",4.0858841069069e-05
cat__City_Descanso,4.085649092179422e-05
"cat__Lat Long_34.049841, -118.33846",4.08258751154847e-05
"cat__Lat Long_37.722727, -122.02157",4.0813896060228936e-05
cat__City_Camptonville,4.0742785485906736e-05
cat__City_La Habra,4.0723329584191464e-05
cat__City_Calexico,4.072077381173125e-05
cat__City_Salida,4.069986802848581e-05
"cat__Lat Long_37.419725, -122.062947",4.068392102147155e-05
"cat__Lat Long_33.458754, -117.665104",4.0682425321798405e-05
cat__City_Gualala,4.061046724477763e-05
cat__City_Chino,4.060869191396372e-05
cat__City_Pescadero,4.059431981290289e-05
"cat__Lat Long_38.748316, -120.675512",4.054499841892439e-05
"cat__Lat Long_34.818227, -120.418784",4.050540355219404e-05
cat__City_Keene,4.049878191600151e-05
"cat__Lat Long_34.074736, -118.145959",4.049024516340416e-05
"cat__Lat Long_34.119363, -117.855059",4.048068428234063e-05
"cat__Lat Long_34.144703, -117.770299",4.0420942127458685e-05
"cat__Lat Long_34.019323, -118.391902",4.03694328578875e-05
"cat__Lat Long_33.977468, -118.445475",4.034629381499188e-05
cat__City_La Palma,4.0289534416325795e-05
"cat__Lat Long_40.677649, -122.29467",4.024386293902601e-05
"cat__Lat Long_37.553469, -120.952825",4.0206989024019686e-05
cat__City_Hermosa Beach,4.0189777430765534e-05
"cat__Lat Long_37.013471, -121.877877",4.0142312426485226e-05
"cat__Lat Long_37.834341, -122.26437",4.014049434816083e-05
"cat__Lat Long_37.866009, -122.286228",4.010999940386581e-05
"cat__Lat Long_36.301689, -119.018233",4.009038436557765e-05
cat__City_Twin Bridges,4.0078846170755146e-05
cat__City_Diamond Bar,4.004417399356836e-05
cat__City_Clearlake Oaks,4.0019139205622e-05
"cat__Lat Long_34.234912, -118.153729",3.999236571571726e-05
"cat__Lat Long_33.657433, -117.04254",3.994675944976944e-05
"cat__Lat Long_33.97803, -118.217141",3.992887383291004e-05
"cat__Lat Long_37.333851, -121.891147",3.9902641911844126e-05
"cat__Lat Long_41.171578, -120.913161",3.9858562922940544e-05
cat__City_Meadow Vista,3.983131647959432e-05
"cat__Lat Long_37.900662, -122.052782",3.9788527130017735e-05
cat__City_Foothill Ranch,3.975125566459331e-05
cat__City_Greenville,3.974369786548329e-05
"cat__Lat Long_39.172777, -121.805845",3.96987652137085e-05
cat__City_Walnut Grove,3.9680730231175e-05
"cat__Lat Long_36.141319, -119.129075",3.967549193136755e-05
"cat__Lat Long_39.02741, -121.614982",3.964195053670849e-05
cat__City_Atwater,3.954281551460405e-05
"cat__Lat Long_40.345949, -120.081187",3.949641951350541e-05
"cat__Lat Long_35.16207, -119.194488",3.941302450410659e-05
cat__City_Inyokern,3.935901779721472e-05
"cat__Lat Long_38.784329, -121.373245",3.928134246871371e-05
"cat__Lat Long_34.364153, -118.615583",3.926379046336937e-05
"cat__Lat Long_37.361987, -120.748394",3.9253647848369316e-05
"cat__Lat Long_37.897753, -122.279391",3.9213659200516525e-05
cat__City_Dublin,3.9133980786060846e-05
cat__City_Farmington,3.9133015601737444e-05
"cat__Lat Long_34.178483, -118.431791",3.909275963841195e-05
cat__City_Klamath,3.897436037626023e-05
"cat__Lat Long_37.57028, -122.365778",3.8969038634072415e-05
"cat__Lat Long_38.592745, -121.540036",3.891888314900604e-05
cat__City_San Joaquin,3.885924652047176e-05
cat__City_Calabasas,3.8857710515947094e-05
"cat__Lat Long_33.994524, -118.149953",3.881608261928041e-05
"cat__Lat Long_35.184837, -119.402525",3.876039015935618e-05
cat__City_Woodbridge,3.874894397515019e-05
"cat__Lat Long_37.750778, -121.13238",3.871956313167013e-05
cat__City_Raisin City,3.870014315303758e-05
"cat__Lat Long_37.671806, -121.007575",3.866825945897267e-05
"cat__Lat Long_39.075694, -121.70606",3.851423460079024e-05
"cat__Lat Long_37.937082, -122.532369",3.8510577173277036e-05
cat__City_Ripon,3.850150015246937e-05
cat__City_Tehama,3.848830940104543e-05
"cat__Lat Long_34.266389, -118.459744",3.847824354086844e-05
"cat__Lat Long_36.397745, -120.119911",3.845238342495673e-05
"cat__Lat Long_40.059385, -122.091481",3.843558232658104e-05
cat__City_Bodfish,3.842121650644492e-05
cat__City_Groveland,3.842058619605907e-05
cat__City_Seaside,3.840101388724756e-05
"cat__Lat Long_39.141934, -122.770679",3.83316458266621e-05
"cat__Lat Long_34.55082, -117.122396",3.826490207169123e-05
"cat__Lat Long_37.007238, -119.505661",3.8227340899610575e-05
"cat__Lat Long_40.775272, -123.287414",3.820839940340303e-05
cat__City_Burlingame,3.8161304690488825e-05
cat__City_Yermo,3.815625347897384e-05
cat__City_Tranquillity,3.808643298312799e-05
cat__City_Jackson,3.7980315582632745e-05
"cat__Lat Long_34.029043, -118.239504",3.797417521074244e-05
"cat__Lat Long_40.166028, -123.584144",3.7965674634739064e-05
"cat__Lat Long_39.084645, -120.894014",3.7939484825663425e-05
"cat__Lat Long_39.937017, -121.058043",3.792195708573092e-05
cat__City_Avery,3.790547998087801e-05
cat__City_Paicines,3.7828697790619724e-05
"cat__Lat Long_37.800254, -122.436975",3.776085831981523e-05
"cat__Lat Long_39.342498, -120.247127",3.774738190460988e-05
cat__City_Lookout,3.773924358486648e-05
"cat__Lat Long_41.232128, -123.194748",3.77091721954869e-05
"cat__Lat Long_38.112166, -122.634384",3.767989355176196e-05
cat__City_Forest Knolls,3.764649989969981e-05
"cat__Lat Long_34.441123, -117.537886",3.7580860763150755e-05
"cat__Lat Long_38.585826, -121.376263",3.756946063887807e-05
"cat__Lat Long_41.082472, -121.195215",3.75631265156972e-05
"cat__Lat Long_40.524535, -122.647172",3.748963668368182e-05
cat__City_Napa,3.748799163531533e-05
cat__City_Herlong,3.7479475367271105e-05
"cat__Lat Long_37.676249, -122.132415",3.74473260733861e-05
cat__City_Mount Laguna,3.7398305913881754e-05
cat__City_Petaluma,3.739537623555248e-05
cat__City_Plymouth,3.735803180351938e-05
"cat__Lat Long_38.848082, -123.50608",3.735392041685013e-05
"cat__Lat Long_38.35363, -121.44195",3.732917438586233e-05
"cat__Lat Long_37.750822, -121.238423",3.728248294480301e-05
cat__City_Mount Shasta,3.7278015858042904e-05
"cat__Lat Long_33.707483, -117.200006",3.720502257440928e-05
"cat__Lat Long_34.236683, -118.517588",3.7183606555165266e-05
"cat__Lat Long_37.758085, -122.434801",3.71365938055713e-05
"cat__Lat Long_36.488056, -120.407691",3.713266016499719e-05
cat__City_Wrightwood,3.712200676331551e-05
"cat__Lat Long_34.156758, -117.404686",3.706868942681769e-05
"cat__Lat Long_39.913777, -122.289984",3.703886143470594e-05
"cat__Lat Long_34.286131, -118.435969",3.70196440231433e-05
"cat__Lat Long_33.993991, -118.39704",3.697784515489396e-05
cat__City_Yountville,3.691660000667609e-05
cat__City_Pismo Beach,3.689785334528696e-05
"cat__Lat Long_34.508417, -116.856103",3.6834814375842105e-05
"cat__Lat Long_34.255442, -118.421314",3.682777865982943e-05
"cat__Lat Long_33.907361, -117.109972",3.6825200465625444e-05
"cat__Lat Long_37.770533, -122.445121",3.6801030614372246e-05
"cat__Lat Long_34.581308, -118.931948",3.673688026592706e-05
"cat__Lat Long_34.757477, -120.550507",3.668986359852287e-05
cat__City_Shasta,3.6689861170276786e-05
"cat__Lat Long_40.160386, -120.835428",3.664901542851578e-05
"cat__Lat Long_38.549822, -121.266725",3.6633844578268683e-05
"cat__Lat Long_39.23754, -120.720196",3.660316537792539e-05
cat__City_Phillipsville,3.657596829972747e-05
"cat__Lat Long_37.873916, -122.20522",3.6399481038080105e-05
cat__City_San Martin,3.638189655913937e-05
"cat__Lat Long_34.172071, -118.946262",3.6322771285402044e-05
cat__City_Westminster,3.631460834586472e-05
cat__City_Larkspur,3.628289734420117e-05
cat__City_Taft,3.627980197727727e-05
"cat__Lat Long_37.351214, -121.952417",3.623316475469587e-05
cat__City_Menifee,3.6231523640193976e-05
cat__City_Tulelake,3.6194181777230434e-05
cat__City_Dixon,3.611424693172615e-05
"cat__Lat Long_38.129308, -122.834815",3.605731975816345e-05
cat__City_Colfax,3.602576641764943e-05
"cat__Lat Long_34.613476, -118.256358",3.5989144181709924e-05
"cat__Lat Long_37.84551, -122.235181",3.597468903426109e-05
"cat__Lat Long_38.005839, -122.638155",3.596565292424858e-05
"cat__Lat Long_37.348129, -121.98469",3.591743651017021e-05
"cat__Lat Long_37.62984, -122.120843",3.591490322243708e-05
"cat__Lat Long_34.090925, -118.128164",3.58300535793554e-05
"cat__Lat Long_37.34667, -121.910019",3.578147488602719e-05
cat__City_Douglas City,3.577150072456e-05
"cat__Lat Long_39.361283, -123.784599",3.569477355835561e-05
"cat__Lat Long_39.745712, -121.84333",3.5658920184952144e-05
cat__City_French Gulch,3.565014879142037e-05
"cat__Lat Long_39.227434, -120.091806",3.562801103785328e-05
cat__City_Heber,3.555930825806712e-05
"cat__Lat Long_37.963995, -122.288296",3.549495477265979e-05
"cat__Lat Long_37.990574, -120.261821",3.5465520595488024e-05
"cat__Lat Long_38.567594, -121.437507",3.5445730990863804e-05
"cat__Lat Long_37.945288, -122.383941",3.543436242229463e-05
"cat__Lat Long_40.704293, -122.803899",3.540869430396291e-05
"cat__Lat Long_38.24458, -122.956268",3.539101246629601e-05
"cat__Lat Long_34.042286, -117.756106",3.531346194587257e-05
"cat__Lat Long_33.992416, -117.807874",3.5295491144818703e-05
"cat__Lat Long_39.600599, -120.636358",3.528012677464845e-05
cat__City_Edwards,3.526599789282421e-05
cat__City_Moraga,3.524270199032173e-05
"cat__Lat Long_34.459322, -117.629729",3.5236526856951905e-05
"cat__Lat Long_32.690654, -115.431225",3.523077617525225e-05
cat__City_Sonoma,3.517280111364566e-05
"cat__Lat Long_37.078873, -122.090386",3.5165291765002715e-05
"cat__Lat Long_39.045246, -122.743181",3.516304765722796e-05
"cat__Lat Long_36.78979, -119.929894",3.515897878194731e-05
"cat__Lat Long_33.694501, -116.412711",3.515143430414888e-05
cat__City_Orangevale,3.5125736619171794e-05
"cat__Lat Long_33.884073, -117.732197",3.510996452265251e-05
"cat__Lat Long_40.547857, -123.187265",3.507359018125815e-05
"cat__Lat Long_39.461768, -121.195825",3.505223338027704e-05
"cat__Lat Long_34.168686, -118.057505",3.504165164946777e-05
cat__City_Navarro,3.502945119849875e-05
cat__City_Hesperia,3.5022111624755396e-05
"cat__Lat Long_34.050322, -118.147037",3.49724408659524e-05
"cat__Lat Long_34.17051, -118.289463",3.493787911566215e-05
cat__City_Orinda,3.490767724567571e-05
cat__City_Courtland,3.487846236365137e-05
"cat__Lat Long_37.708327, -122.083473",3.4845776254153095e-05
cat__City_Midway City,3.478931872914869e-05
"cat__Lat Long_34.153733, -118.593408",3.476765292445053e-05
"cat__Lat Long_33.888323, -117.277533",3.473944735018263e-05
"cat__Lat Long_38.489273, -120.891614",3.473140385225296e-05
"cat__Lat Long_33.703976, -117.824172",3.470578955767565e-05
"cat__Lat Long_37.329725, -120.306399",3.4701971827352904e-05
cat__City_Fountain Valley,3.4650326428688505e-05
cat__City_California City,3.459618797142475e-05
"cat__Lat Long_37.435664, -121.049056",3.459085278662046e-05
cat__City_Paskenta,3.4578060008527654e-05
"cat__Lat Long_36.092975, -121.549826",3.453081174420411e-05
cat__City_Columbia,3.452713234159484e-05
cat__City_Woodacre,3.4477467561301276e-05
"cat__Lat Long_35.746484, -121.223355",3.447554464532452e-05
"cat__Lat Long_33.761894, -117.120868",3.442285570832968e-05
"cat__Lat Long_34.282704, -118.312929",3.4405351045818553e-05
"cat__Lat Long_40.759401, -122.939337",3.440365234491604e-05
cat__City_Oregon House,3.4390006664960583e-05
cat__City_Dana Point,3.4348531540755e-05
"cat__Lat Long_34.598221, -117.79593",3.434224949968328e-05
cat__City_Blythe,3.424257526698876e-05
cat__City_Palo Cedro,3.4224292505332696e-05
"cat__Lat Long_34.341737, -116.539416",3.422257457232338e-05
cat__City_Livingston,3.418115253022099e-05
"cat__Lat Long_36.04533, -119.532424",3.417432751918057e-05
"cat__Lat Long_33.864622, -118.179626",3.413701000161638e-05
"cat__Lat Long_37.792489, -122.244314",3.411276697385185e-05
cat__City_Mission Viejo,3.406967105245628e-05
cat__City_Igo,3.4043630215879136e-05
"cat__Lat Long_34.95703, -117.73045",3.392308102532382e-05
"cat__Lat Long_37.369709, -122.215844",3.3872991921635524e-05
cat__City_Beaumont,3.385170928582019e-05
cat__City_Auburn,3.382157788133628e-05
"cat__Lat Long_33.923573, -118.200669",3.375560931279215e-05
cat__City_Valley Village,3.374790704268194e-05
"cat__Lat Long_36.041315, -118.188235",3.374620195006177e-05
"cat__Lat Long_35.451402, -119.488413",3.370429582656897e-05
cat__City_Encinitas,3.3657269887251483e-05
"cat__Lat Long_38.486502, -121.334051",3.36555237416312e-05
cat__City_Azusa,3.365392120150135e-05
"cat__Lat Long_34.224377, -118.632656",3.3629440156850976e-05
"cat__Lat Long_34.044639, -118.240413",3.362659101130367e-05
"cat__Lat Long_34.178068, -118.615714",3.359910334123031e-05
"cat__Lat Long_39.597975, -122.032248",3.353609201143619e-05
cat__City_West Sacramento,3.348050795458561e-05
"cat__Lat Long_34.89326, -116.505958",3.346896673947682e-05
"cat__Lat Long_37.956963, -120.863055",3.344872720965474e-05
"cat__Lat Long_36.727418, -120.123526",3.3420122857341835e-05
cat__City_Monterey Park,3.340155960523879e-05
cat__City_Ojai,3.3314600698775904e-05
"cat__Lat Long_33.079834, -117.134275",3.3306324032225954e-05
"cat__Lat Long_35.013299, -116.834092",3.329223430747522e-05
"cat__Lat Long_39.657228, -121.37778",3.321389484756322e-05
cat__City_Antelope,3.321004892446263e-05
"cat__Lat Long_41.33832, -122.290756",3.3131718104429116e-05
"cat__Lat Long_34.139402, -118.128658",3.3109774475236924e-05
cat__City_Truckee,3.308138479035854e-05
"cat__Lat Long_38.169605, -121.310964",3.303941538448073e-05
"cat__Lat Long_34.19829, -118.602203",3.3035188989013774e-05
"cat__Lat Long_34.132275, -117.611478",3.2956384043726116e-05
cat__City_Valley Ford,3.279410268589287e-05
"cat__Lat Long_33.947305, -118.439841",3.2714469621512677e-05
"cat__Lat Long_36.057458, -118.591951",3.27065653520749e-05
"cat__Lat Long_39.031876, -120.811141",3.2694937889585937e-05
"cat__Lat Long_33.850504, -118.039892",3.255959099843624e-05
cat__City_San Lorenzo,3.252053165083227e-05
cat__City_Playa Del Rey,3.250033959307539e-05
"cat__Lat Long_38.801936, -122.938935",3.249175158081138e-05
cat__City_Hinkley,3.244794060035595e-05
"cat__Lat Long_32.741852, -117.243453",3.243681349260849e-05
"cat__Lat Long_37.287758, -119.548156",3.2431300329840805e-05
"cat__Lat Long_38.123544, -121.159078",3.2421822856324806e-05
"cat__Lat Long_35.930782, -121.189757",3.237494911742722e-05
"cat__Lat Long_32.605012, -116.97595",3.236076535606137e-05
"cat__Lat Long_39.903272, -121.843567",3.23499448032599e-05
"cat__Lat Long_37.768881, -122.395521",3.231893964700237e-05
"cat__Lat Long_40.171312, -121.120605",3.230927493318788e-05
cat__City_Fort Irwin,3.2274319843361434e-05
"cat__Lat Long_34.078821, -118.177576",3.225997795922397e-05
cat__City_Fish Camp,3.221506819265761e-05
"cat__Lat Long_34.231053, -118.338307",3.219929241206096e-05
cat__City_Porterville,3.219764585174174e-05
"cat__Lat Long_33.752938, -116.230055",3.217416454538494e-05
"cat__Lat Long_40.656287, -121.428965",3.213546148152916e-05
"cat__Lat Long_34.079934, -118.046695",3.2041394011995055e-05
"cat__Lat Long_37.858898, -122.240512",3.19947232437202e-05
cat__City_Marshall,3.1991428197606556e-05
"cat__Lat Long_37.773147, -122.411287",3.198145507008337e-05
"cat__Lat Long_34.067699, -116.903891",3.189996984366122e-05
cat__City_Fields Landing,3.18855606327269e-05
"cat__Lat Long_33.999992, -117.535395",3.1861400598298435e-05
"cat__Lat Long_34.137411, -118.328915",3.184848658063695e-05
"cat__Lat Long_33.927254, -118.249826",3.183004708540183e-05
cat__City_Strathmore,3.182550872511589e-05
"cat__Lat Long_34.029175, -117.307211",3.169127568882753e-05
"cat__Lat Long_40.94338, -123.831799",3.1655293077589494e-05
"cat__Lat Long_34.007353, -118.033683",3.1610097465160614e-05
cat__City_Vacaville,3.15988172625127e-05
"cat__Lat Long_39.449794, -121.936372",3.1552709904043216e-05
"cat__Lat Long_38.598936, -120.963092",3.1532068512659896e-05
cat__City_Coarsegold,3.149161957865446e-05
"cat__Lat Long_39.624561, -121.552866",3.1450584806041224e-05
cat__City_Tustin,3.1432455057506854e-05
"cat__Lat Long_34.441398, -119.513163",3.133477105932198e-05
"cat__Lat Long_34.048013, -118.293953",3.12929664689011e-05
cat__City_Brownsville,3.1262599237373406e-05
"cat__Lat Long_39.84784, -122.544556",3.125442552597224e-05
cat__City_La Crescenta,3.1230321624381056e-05
cat__City_Sutter,3.120122603283646e-05
"cat__Lat Long_34.046174, -118.446333",3.119347110942847e-05
"cat__Lat Long_37.820894, -122.369725",3.119334432039708e-05
"cat__Lat Long_33.543835, -115.993906",3.115631230478603e-05
"cat__Lat Long_33.475493, -117.219551",3.109974973173112e-05
"cat__Lat Long_36.125529, -120.864443",3.1079438331149946e-05
"cat__Lat Long_41.465121, -122.380947",3.107633452384092e-05
cat__City_Scott Bar,3.106096988878124e-05
cat__City_Fairfax,3.105015447702592e-05
"cat__Lat Long_36.460611, -121.852507",3.101648380149087e-05
"cat__Lat Long_37.331762, -122.341444",3.1010810218021787e-05
"cat__Lat Long_37.321233, -120.656354",3.0998591424127544e-05
"cat__Lat Long_41.813521, -121.492666",3.095809161175987e-05
"cat__Lat Long_32.697098, -117.116587",3.095700750179063e-05
"cat__Lat Long_34.17847, -118.459472",3.094786851448493e-05
cat__City_Biggs,3.092506574361153e-05
"cat__Lat Long_33.948558, -116.516976",3.091270418964042e-05
"cat__Lat Long_34.074087, -117.605618",3.090521469433513e-05
cat__City_Dulzura,3.090479057487239e-05
cat__City_Stirling City,3.085394529215818e-05
"cat__Lat Long_38.749466, -121.184196",3.0850197994104786e-05
cat__City_Baker,3.084666281150528e-05
"cat__Lat Long_39.884395, -122.587513",3.0781378781746524e-05
"cat__Lat Long_37.100948, -120.270136",3.076643609587008e-05
"cat__Lat Long_32.770393, -115.60915",3.073505358428589e-05
cat__City_Lucerne Valley,3.073135771577485e-05
"cat__Lat Long_37.546007, -121.28257",3.067295463080029e-05
"cat__Lat Long_34.084747, -117.886844",3.0625743551782834e-05
"cat__Lat Long_41.572813, -124.035011",3.062450741958953e-05
cat__City_Guinda,3.062311919817325e-05
cat__City_Willits,3.0617509329498765e-05
"cat__Lat Long_36.185471, -119.375243",3.06083853684023e-05
cat__City_Borrego Springs,3.060381206935578e-05
cat__City_Cathedral City,3.056561848248613e-05
cat__City_Rancho Santa Margarita,3.0557018734507014e-05
"cat__Lat Long_39.003358, -121.022539",3.0556619276406905e-05
"cat__Lat Long_40.448632, -122.306657",3.055510039795348e-05
cat__City_San Clemente,3.0550048922199805e-05
"cat__Lat Long_39.559709, -120.345639",3.047530048538933e-05
"cat__Lat Long_32.67102, -117.095235",3.0457293703562908e-05
"cat__Lat Long_33.830453, -118.384565",3.042451634219322e-05
"cat__Lat Long_34.875144, -116.821698",3.0421074060473173e-05
"cat__Lat Long_39.493991, -122.286363",3.0411797366157145e-05
"cat__Lat Long_40.527834, -122.318749",3.0397347809403556e-05
"cat__Lat Long_38.135897, -122.563683",3.034068568300398e-05
"cat__Lat Long_32.68674, -117.186612",3.031439548752847e-05
"cat__Lat Long_34.11572, -118.192754",3.0292485941471474e-05
"cat__Lat Long_39.672813, -120.456699",3.0267974873032764e-05
"cat__Lat Long_38.522328, -122.97932",3.0218372734770187e-05
"cat__Lat Long_33.81859, -117.821288",3.0091846622197197e-05
cat__City_Weed,3.0081392526941586e-05
cat__City_Yorkville,3.0062554619896665e-05
"cat__Lat Long_40.310119, -123.909449",3.0056003769468985e-05
"cat__Lat Long_37.380662, -122.086022",3.0000830412988167e-05
cat__City_Oakhurst,2.9925629510594584e-05
"cat__Lat Long_33.9108, -117.398153",2.9910087710345473e-05
"cat__Lat Long_37.758019, -122.138678",2.9868360214226305e-05
"cat__Lat Long_36.047414, -119.344304",2.985845774978361e-05
cat__City_Hamilton City,2.9834968778569653e-05
"cat__Lat Long_40.582399, -122.195512",2.9788330617374895e-05
"cat__Lat Long_38.875508, -121.765866",2.9741294867854487e-05
"cat__Lat Long_32.733564, -117.033713",2.9697633613790786e-05
cat__City_Morro Bay,2.9667428152937467e-05
"cat__Lat Long_34.827662, -118.999073",2.9664452183361534e-05
"cat__Lat Long_39.710591, -123.682799",2.9629281329682112e-05
cat__City_Mendota,2.962688515178851e-05
"cat__Lat Long_39.178337, -120.162806",2.9608698639104588e-05
"cat__Lat Long_34.031441, -117.936436",2.9600840548321722e-05
cat__City_Earlimart,2.960073466671421e-05
cat__City_Point Reyes Station,2.9559551959600993e-05
"cat__Lat Long_35.405722, -117.773354",2.9544380225619416e-05
"cat__Lat Long_37.378541, -122.020456",2.9520050498152726e-05
"cat__Lat Long_35.214982, -118.59049",2.9511235397128065e-05
"cat__Lat Long_37.521708, -120.426843",2.9497620143379756e-05
cat__City_Somes Bar,2.9473101559788452e-05
"cat__Lat Long_38.085839, -120.37855",2.9435825015556575e-05
cat__City_Monte Rio,2.9412185880765192e-05
"cat__Lat Long_38.672638, -121.147403",2.936203861984355e-05
cat__City_Newark,2.9359581459950157e-05
"cat__Lat Long_40.809636, -124.189977",2.934970752034667e-05
cat__City_March Air Reserve Base,2.934475993754842e-05
"cat__Lat Long_34.026334, -118.474222",2.9318824850123852e-05
"cat__Lat Long_33.581045, -117.14719",2.9318373193695683e-05
cat__City_Shaver Lake,2.9293629529661855e-05
"cat__Lat Long_38.065359, -122.665566",2.928142907559173e-05
"cat__Lat Long_37.818589, -120.256995",2.9243620583473818e-05
"cat__Lat Long_39.467828, -120.841386",2.9243428504334684e-05
cat__City_Lafayette,2.9218106135488003e-05
"cat__Lat Long_38.224869, -119.755729",2.9202994502328422e-05
cat__City_Sierra Madre,2.905849984742764e-05
cat__City_Hollister,2.9043465115420533e-05
"cat__Lat Long_33.601309, -117.902304",2.903967120960899e-05
"cat__Lat Long_33.788208, -118.404955",2.9026894449297848e-05
cat__City_San Miguel,2.9023715832780106e-05
"cat__Lat Long_38.880622, -120.973865",2.8999366290633185e-05
cat__City_Willows,2.898519556130179e-05
"cat__Lat Long_34.269449, -118.768471",2.898271562665267e-05
cat__City_Pleasant Hill,2.8982141604438873e-05
cat__City_Solana Beach,2.89651157749621e-05
"cat__Lat Long_33.200369, -116.192313",2.893241525072334e-05
"cat__Lat Long_41.764869, -122.671316",2.8922115683498803e-05
"cat__Lat Long_39.955164, -122.018567",2.889422685944973e-05
"cat__Lat Long_39.134075, -123.23422",2.8844078332629364e-05
cat__City_Pollock Pines,2.8838084017664595e-05
"cat__Lat Long_39.222323, -122.985488",2.8792034239634607e-05
"cat__Lat Long_37.950248, -122.022455",2.8722999954925412e-05
"cat__Lat Long_36.875409, -121.279679",2.8722452143666644e-05
cat__City_Oroville,2.8632250093398485e-05
"cat__Lat Long_36.497895, -119.285484",2.8615980165717436e-05
"cat__Lat Long_32.89325, -117.087091",2.859935774152402e-05
cat__City_San Simeon,2.8514504318368918e-05
cat__City_South Pasadena,2.8480745671231262e-05
"cat__Lat Long_33.736387, -118.284363",2.8480188507139133e-05
"cat__Lat Long_32.759327, -116.99726",2.846217599862448e-05
cat__City_Carpinteria,2.8453300420168614e-05
cat__City_Hornbrook,2.8386715102997917e-05
cat__City_Grenada,2.8378228359954398e-05
cat__City_Carmichael,2.833914834799988e-05
cat__City_Capitola,2.8317567814049892e-05
"cat__Lat Long_37.590421, -122.306467",2.8303046144714294e-05
"cat__Lat Long_37.40122, -120.514191",2.8237806237563383e-05
"cat__Lat Long_38.184583, -119.286558",2.8230480553553513e-05
cat__City_Weott,2.8219210585511823e-05
"cat__Lat Long_34.108455, -118.362081",2.8214175440807706e-05
"cat__Lat Long_38.368744, -122.522642",2.821076186423642e-05
"cat__Lat Long_33.766476, -117.969795",2.8196475619510718e-05
"cat__Lat Long_36.841655, -119.797113",2.8145781013099207e-05
cat__City_El Sobrante,2.8143453403693684e-05
"cat__Lat Long_34.127194, -118.295647",2.812990289553312e-05
"cat__Lat Long_33.797638, -118.11662",2.812161813491971e-05
cat__City_Yucaipa,2.8119885623062844e-05
"cat__Lat Long_32.948262, -117.256086",2.8112158399307954e-05
"cat__Lat Long_37.540582, -122.509594",2.8099427716390744e-05
cat__City_Alleghany,2.8046502727427516e-05
cat__City_Forks Of Salmon,2.8017445720144325e-05
"cat__Lat Long_32.716007, -117.117462",2.8000535987257005e-05
"cat__Lat Long_41.280478, -121.160249",2.796026330233615e-05
"cat__Lat Long_34.050198, -118.210946",2.780524875876174e-05
"cat__Lat Long_41.444606, -123.471895",2.7791278405119886e-05
"cat__Lat Long_37.509366, -122.306132",2.7761662639225433e-05
"cat__Lat Long_37.483535, -119.679414",2.7744733548995662e-05
cat__City_Cedarville,2.77150605737985e-05
"cat__Lat Long_36.995162, -120.955099",2.7703987501981068e-05
"cat__Lat Long_33.667145, -117.732135",2.768322907844109e-05
cat__City_Victorville,2.7669964003641184e-05
"cat__Lat Long_33.53604, -116.119222",2.7628468906723092e-05
cat__City_Olympic Valley,2.7623361688955922e-05
"cat__Lat Long_36.689582, -121.758398",2.7622964967418695e-05
"cat__Lat Long_34.1528, -118.000482",2.7602446634162e-05
cat__City_Potrero,2.7532030493302856e-05
"cat__Lat Long_33.918043, -117.617809",2.750788088423042e-05
"cat__Lat Long_37.760412, -122.484966",2.7460976319610692e-05
"cat__Lat Long_38.233879, -120.861666",2.7456880677843337e-05
"cat__Lat Long_33.944624, -118.192615",2.744483958398664e-05
"cat__Lat Long_33.933565, -118.062611",2.739880152178925e-05
"cat__Lat Long_36.657462, -119.595293",2.736040730738762e-05
"cat__Lat Long_36.29878, -119.201028",2.7354177801533665e-05
cat__City_Lebec,2.733190237575893e-05
cat__City_Millville,2.727839425825801e-05
"cat__Lat Long_34.038983, -117.991372",2.724226210043491e-05
cat__City_El Dorado,2.715888712542822e-05
"cat__Lat Long_37.862128, -122.075197",2.7067405860724918e-05
cat__City_Cassel,2.702736283589583e-05
"cat__Lat Long_34.297628, -119.014627",2.701495953393037e-05
cat__City_Ranchita,2.691192457998232e-05
"cat__Lat Long_40.198234, -120.18089",2.6905592966776857e-05
cat__City_La Verne,2.6875964513810758e-05
"cat__Lat Long_34.18454, -119.224666",2.6866254456158902e-05
cat__City_Hemet,2.6852799710431302e-05
"cat__Lat Long_37.713152, -121.08739",2.6850768048832398e-05
"cat__Lat Long_34.291273, -118.505104",2.6847961938544162e-05
cat__City_Sausalito,2.68148408670858e-05
cat__City_Cantua Creek,2.6724617841606442e-05
cat__City_Corning,2.6715563870429618e-05
"cat__Lat Long_37.212191, -119.749323",2.6659881202252593e-05
cat__City_Philo,2.663725398844356e-05
cat__City_Arroyo Grande,2.6607892419657718e-05
"cat__Lat Long_34.966777, -117.961179",2.6560515875134524e-05
"cat__Lat Long_35.490705, -119.286833",2.64742214059404e-05
"cat__Lat Long_33.840399, -118.353714",2.6455735005815573e-05
"cat__Lat Long_33.771612, -118.143866",2.6428152795347506e-05
"cat__Lat Long_37.004068, -119.930027",2.6408977952645218e-05
"cat__Lat Long_33.674583, -114.71612",2.6381518705798634e-05
"cat__Lat Long_38.787446, -122.58675",2.637280863365366e-05
"cat__Lat Long_34.035602, -117.591528",2.6350346470808464e-05
cat__City_San Anselmo,2.632390456219908e-05
"cat__Lat Long_37.916648, -122.008483",2.6305579376011766e-05
cat__City_Leggett,2.6297617695691995e-05
"cat__Lat Long_36.902954, -120.194274",2.6239977118070447e-05
cat__City_Loomis,2.62018295651819e-05
"cat__Lat Long_40.346634, -120.386422",2.6177782422535633e-05
"cat__Lat Long_32.730264, -116.950963",2.610335145581236e-05
"cat__Lat Long_38.471049, -123.015549",2.6050900166636302e-05
cat__City_Hopland,2.602189338550109e-05
"cat__Lat Long_33.877639, -117.961212",2.600575619996478e-05
"cat__Lat Long_41.867908, -123.794144",2.597424111154313e-05
cat__City_Laguna Hills,2.59557881978418e-05
cat__City_Rio Dell,2.5942763530791872e-05
"cat__Lat Long_38.018065, -122.546024",2.592686044643795e-05
cat__City_Manchester,2.592149107227435e-05
cat__City_Cool,2.589997245497109e-05
"cat__Lat Long_37.890274, -122.295192",2.5866899402732286e-05
"cat__Lat Long_33.734933, -117.044145",2.5860310384085804e-05
cat__City_Ocotillo,2.5859311930266713e-05
cat__City_Buttonwillow,2.5853440725252908e-05
cat__City_Old Station,2.5851673856673078e-05
"cat__Lat Long_38.618347, -122.908422",2.58105224299635e-05
cat__City_Prather,2.5774006083840277e-05
"cat__Lat Long_33.975332, -118.355252",2.5773544528347406e-05
"cat__Lat Long_37.515556, -122.502311",2.5729902724000966e-05
"cat__Lat Long_39.24124, -120.054765",2.571422459464069e-05
cat__City_Caspar,2.5686256942809532e-05
"cat__Lat Long_32.912664, -116.635387",2.5658742389572875e-05
"cat__Lat Long_33.765893, -117.881533",2.563447060193594e-05
"cat__Lat Long_38.911299, -123.609588",2.548901785091644e-05
"cat__Lat Long_38.392559, -121.225093",2.545660430144698e-05
"cat__Lat Long_37.863843, -122.275684",2.5426767247949344e-05
cat__City_Los Banos,2.5418355075267094e-05
cat__City_Le Grand,2.540596823333536e-05
"cat__Lat Long_38.556306, -121.495817",2.5356218873057844e-05
"cat__Lat Long_34.103578, -117.04054",2.5318263752835477e-05
"cat__Lat Long_37.3511, -122.037311",2.525636917459681e-05
cat__City_Pacoima,2.5242329568532495e-05
cat__City_Yosemite National Park,2.5240853067928386e-05
"cat__Lat Long_33.712036, -117.950113",2.5223122956656377e-05
cat__City_Fall River Mills,2.518051711763977e-05
"cat__Lat Long_41.280341, -120.150381",2.515360395862688e-05
cat__City_Knights Landing,2.5142897238037896e-05
"cat__Lat Long_36.186867, -120.387793",2.5095242379360268e-05
"cat__Lat Long_35.186644, -120.728305",2.509236733209002e-05
cat__City_Citrus Heights,2.507868861031224e-05
cat__City_San Quentin,2.5074494395942064e-05
"cat__Lat Long_36.78724, -119.827813",2.5014349910862663e-05
"cat__Lat Long_36.413433, -118.854708",2.501039258679766e-05
cat__City_Simi Valley,2.4992592809815563e-05
"cat__Lat Long_34.114772, -118.089431",2.4971238236594838e-05
"cat__Lat Long_34.13946, -118.166649",2.4942416565570557e-05
cat__City_Berry Creek,2.4919266011204434e-05
cat__City_Stevinson,2.4916498703090186e-05
cat__City_South San Francisco,2.4912419532336335e-05
"cat__Lat Long_37.161544, -121.649371",2.48833341031731e-05
"cat__Lat Long_41.212695, -122.392067",2.4881718891468877e-05
cat__City_Dillon Beach,2.4865825888151223e-05
"cat__Lat Long_36.385818, -119.224243",2.4863877182106125e-05
"cat__Lat Long_37.420273, -120.66527",2.4854838955653845e-05
cat__City_Crestline,2.4843308623044837e-05
"cat__Lat Long_40.665952, -124.240051",2.48323325445385e-05
"cat__Lat Long_41.5837, -122.935922",2.4816946912316228e-05
"cat__Lat Long_37.942551, -122.491642",2.4816635953646583e-05
"cat__Lat Long_34.370378, -118.504118",2.4780955776239755e-05
"cat__Lat Long_35.303926, -120.256567",2.4731407848555825e-05
"cat__Lat Long_37.704267, -119.607001",2.472947248254656e-05
"cat__Lat Long_34.059722, -117.39104",2.4727078632203473e-05
cat__City_Huntington Park,2.4714186392058923e-05
"cat__Lat Long_32.858595, -115.662709",2.470693843252006e-05
cat__City_Salyer,2.4698159416356173e-05
cat__City_Folsom,2.4692747135861144e-05
"cat__Lat Long_38.060264, -122.830646",2.46602436534832e-05
"cat__Lat Long_41.162295, -124.027381",2.457142709359897e-05
cat__City_National City,2.4535573856445098e-05
cat__City_Butte City,2.4518397946592594e-05
cat__City_El Segundo,2.4482785011960377e-05
cat__City_Westmorland,2.4470780744337848e-05
"cat__Lat Long_38.432145, -120.77069",2.4465521961798724e-05
"cat__Lat Long_33.351059, -117.420557",2.4442623878701485e-05
"cat__Lat Long_36.974575, -121.991149",2.442730385995886e-05
"cat__Lat Long_36.008958, -118.891593",2.43794130389449e-05
cat__City_Armona,2.4336179891250806e-05
cat__City_Montrose,2.4327310335710847e-05
"cat__Lat Long_35.358953, -118.527064",2.4265237318714487e-05
cat__City_Jacumba,2.425569090909941e-05
"cat__Lat Long_35.989792, -121.055933",2.425173725924734e-05
"cat__Lat Long_38.113533, -122.11926",2.4237077316146204e-05
"cat__Lat Long_33.716136, -117.752574",2.4232534527346767e-05
"cat__Lat Long_39.607831, -121.777959",2.4228190451356792e-05
"cat__Lat Long_37.971751, -122.611873",2.4211540034540885e-05
cat__City_Crescent City,2.414385320364072e-05
cat__City_Deer Park,2.4126454024040917e-05
cat__City_Turlock,2.410862460421518e-05
cat__City_Warner Springs,2.4103460306816368e-05
"cat__Lat Long_37.787186, -122.14633",2.4082735570884416e-05
"cat__Lat Long_37.499411, -122.196318",2.407301944138482e-05
"cat__Lat Long_33.000269, -117.072093",2.4042196998904038e-05
cat__City_Burney,2.4030289216492266e-05
cat__City_Mammoth Lakes,2.4012393536758577e-05
cat__City_Calpine,2.4007992798667525e-05
"cat__Lat Long_33.902045, -118.008961",2.3986499930841798e-05
"cat__Lat Long_37.343827, -121.883119",2.3950029288027562e-05
cat__City_Montclair,2.3870843607705133e-05
cat__City_Bodega Bay,2.384683723720779e-05
cat__City_Belmont,2.381406145742013e-05
cat__City_Mentone,2.3804051046954293e-05
cat__City_Randsburg,2.3791811784627275e-05
cat__City_Bell,2.3765531184176577e-05
cat__City_Tahoma,2.3725492682332385e-05
cat__City_Milpitas,2.3717157326211266e-05
cat__City_Fallbrook,2.367560394416615e-05
"cat__Lat Long_36.220761, -120.980777",2.3675559876827604e-05
cat__City_Terra Bella,2.367363900074455e-05
"cat__Lat Long_38.358464, -120.579304",2.3629695251538104e-05
"cat__Lat Long_40.021787, -122.127576",2.3628924521546675e-05
"cat__Lat Long_33.362575, -117.299644",2.3618600981083915e-05
"cat__Lat Long_39.292334, -121.320597",2.3597350673465453e-05
"cat__Lat Long_36.545322, -119.642281",2.3593500090092356e-05
"cat__Lat Long_35.603913, -117.67828",2.3568721491979275e-05
cat__City_Covelo,2.3558898198115626e-05
"cat__Lat Long_35.140938, -119.051348",2.3538065467211978e-05
cat__City_Ceres,2.3537605789850658e-05
"cat__Lat Long_37.349546, -122.134356",2.352019490831347e-05
cat__City_Benicia,2.3516816550889435e-05
"cat__Lat Long_39.783747, -120.661032",2.350521228112108e-05
"cat__Lat Long_41.505916, -120.152505",2.3483148747221492e-05
cat__City_San Ysidro,2.3474223443973582e-05
"cat__Lat Long_41.750354, -120.403885",2.3450684470301703e-05
"cat__Lat Long_37.789168, -122.395009",2.3446001579766742e-05
cat__City_Newbury Park,2.3421621195568788e-05
cat__City_Pinon Hills,2.3417058780458145e-05
"cat__Lat Long_34.04597, -117.011825",2.3385140965214118e-05
cat__City_Montara,2.336828905680486e-05
cat__City_Three Rivers,2.3362367323001938e-05
cat__City_Litchfield,2.3349783237497936e-05
"cat__Lat Long_32.847336, -116.997605",2.3330149183721168e-05
cat__City_Saratoga,2.3297876789058005e-05
"cat__Lat Long_37.885629, -122.46858",2.3294479081265596e-05
cat__City_Whitethorn,2.3232871829642104e-05
cat__City_Union City,2.3213594743114176e-05
"cat__Lat Long_38.7904, -121.236973",2.3208561296248208e-05
"cat__Lat Long_39.117537, -122.284654",2.3172206452978934e-05
"cat__Lat Long_33.890046, -117.455583",2.3169035417705442e-05
cat__City_Sultana,2.3090806751048186e-05
"cat__Lat Long_37.257772, -122.051824",2.2988390773755925e-05
"cat__Lat Long_37.74441, -122.486764",2.2972812398837644e-05
cat__City_Los Molinos,2.2894017120818934e-05
cat__City_Hilmar,2.289253261193058e-05
"cat__Lat Long_33.902211, -117.914922",2.2805155552455505e-05
"cat__Lat Long_37.84771, -120.486589",2.2804646420578426e-05
"cat__Lat Long_34.239636, -118.245259",2.2801382532761805e-05
cat__City_Fellows,2.2772154329471357e-05
"cat__Lat Long_37.5923, -120.853288",2.276639126807816e-05
cat__City_Pioneertown,2.2760388368631216e-05
"cat__Lat Long_39.182916, -123.552571",2.2754183690089296e-05
cat__City_Clipper Mills,2.2746377307843605e-05
"cat__Lat Long_33.945318, -117.992066",2.2745226500964045e-05
"cat__Lat Long_35.38381, -119.730885",2.2699996673585155e-05
"cat__Lat Long_37.924838, -122.289145",2.2669592224029415e-05
cat__City_La Mirada,2.2661930554693836e-05
cat__City_Diamond Springs,2.2633763857629525e-05
"cat__Lat Long_38.394091, -122.739814",2.263329563448881e-05
cat__City_Petrolia,2.2628125319663285e-05
"cat__Lat Long_34.165783, -118.399795",2.2589264259981366e-05
"cat__Lat Long_32.825086, -117.199424",2.2547917108741278e-05
cat__City_West Hills,2.253771873564577e-05
"cat__Lat Long_38.494832, -121.529447",2.2535565324198837e-05
cat__City_Oak Park,2.252991222513314e-05
"cat__Lat Long_32.649787, -116.2237",2.2498144503627936e-05
cat__City_Canby,2.2495930054418314e-05
"cat__Lat Long_37.305622, -122.000887",2.2485917906611802e-05
cat__City_Rio Nido,2.2483080338583145e-05
cat__City_Hume,2.2433773930655033e-05
"cat__Lat Long_35.861928, -118.636698",2.2370623670057087e-05
"cat__Lat Long_33.755039, -116.741796",2.232789544778007e-05
cat__City_Cottonwood,2.2311276792693096e-05
"cat__Lat Long_40.497441, -121.827524",2.2285613329444277e-05
"cat__Lat Long_39.333737, -120.858667",2.22527648651882e-05
cat__City_Rosamond,2.224105307901083e-05
cat__City_Cressey,2.2225951122995977e-05
"cat__Lat Long_34.201108, -116.593456",2.217991830871193e-05
cat__City_Chino Hills,2.2176917566226493e-05
"cat__Lat Long_39.440687, -121.263583",2.217597645453337e-05
cat__City_Soulsbyville,2.2172662719833865e-05
"cat__Lat Long_37.791222, -122.402241",2.2142772115787582e-05
cat__City_San Gregorio,2.21342852667534e-05
"cat__Lat Long_33.914775, -118.348083",2.2127518418694332e-05
cat__City_Jolon,2.2112872818678604e-05
cat__City_Winters,2.210568091288521e-05
cat__City_Daggett,2.210473720560796e-05
"cat__Lat Long_34.15136, -118.364786",2.2084908534586238e-05
"cat__Lat Long_33.954017, -118.402447",2.2084158749457306e-05
cat__City_Sanger,2.208400542663277e-05
cat__City_Westley,2.208333490829397e-05
"cat__Lat Long_33.897253, -117.792202",2.205771160168532e-05
"cat__Lat Long_33.001813, -117.263628",2.2034953181991564e-05
"cat__Lat Long_33.606899, -117.717854",2.200881461461313e-05
"cat__Lat Long_37.855717, -121.994813",2.1961047360784686e-05
"cat__Lat Long_38.683605, -120.811852",2.196006623900752e-05
"cat__Lat Long_36.525703, -120.952122",2.194970802558903e-05
cat__City_Nubieber,2.191071616738998e-05
"cat__Lat Long_34.757783, -117.33997",2.1903876469924108e-05
"cat__Lat Long_33.653338, -117.178271",2.189275246596381e-05
"cat__Lat Long_37.222842, -121.988727",2.1885413270152547e-05
cat__City_Caliente,2.1861328026085976e-05
"cat__Lat Long_36.739385, -119.753649",2.185035798510094e-05
"cat__Lat Long_34.093781, -118.381061",2.184539094867379e-05
"cat__Lat Long_37.924014, -122.511694",2.184099313460862e-05
"cat__Lat Long_34.567058, -117.362329",2.1820679257426694e-05
cat__City_Ballico,2.178732790601431e-05
"cat__Lat Long_34.085807, -118.206617",2.1775398163608025e-05
"cat__Lat Long_34.089927, -118.095645",2.171606329223801e-05
cat__City_Byron,2.1706485053733485e-05
cat__City_Ukiah,2.167814669617107e-05
"cat__Lat Long_34.187599, -118.387125",2.1646598993536055e-05
"cat__Lat Long_37.555473, -122.080312",2.164590786643472e-05
"cat__Lat Long_34.097863, -116.594561",2.160197600121761e-05
"cat__Lat Long_35.369553, -120.763864",2.159806690740769e-05
"cat__Lat Long_36.315979, -119.710852",2.1594426001415655e-05
"cat__Lat Long_40.440636, -124.098739",2.1593427830614785e-05
cat__City_French Camp,2.158795585674376e-05
"cat__Lat Long_37.526791, -119.99437",2.15850754443985e-05
"cat__Lat Long_34.188339, -118.300942",2.1556352398370255e-05
"cat__Lat Long_40.637105, -121.906949",2.155271120913273e-05
"cat__Lat Long_38.339996, -122.935056",2.1545531524547115e-05
cat__City_Five Points,2.1520213657551294e-05
"cat__Lat Long_34.110845, -118.259595",2.151948999849408e-05
cat__City_Mount Hamilton,2.1517846380824517e-05
"cat__Lat Long_34.152875, -118.486056",2.15147297539798e-05
cat__City_Downieville,2.1488152373295718e-05
"cat__Lat Long_33.8681, -118.067402",2.138593708952142e-05
cat__City_Essex,2.138250065768189e-05
cat__City_Hercules,2.1338527242661034e-05
"cat__Lat Long_37.653947, -118.231443",2.1288491546037838e-05
"cat__Lat Long_39.83307, -123.178765",2.1243756041526086e-05
"cat__Lat Long_37.803883, -122.208417",2.1217871948441127e-05
"cat__Lat Long_37.290606, -119.216328",2.1112825377540793e-05
"cat__Lat Long_37.95338, -122.076886",2.1111689574759342e-05
"cat__Lat Long_37.982716, -120.343732",2.1104346128271993e-05
"cat__Lat Long_33.936827, -118.359824",2.108130460247518e-05
"cat__Lat Long_33.643095, -117.810896",2.107241247311107e-05
"cat__Lat Long_40.531257, -122.148139",2.1054027945709466e-05
"cat__Lat Long_34.358321, -117.618263",2.104232442180562e-05
cat__City_Samoa,2.0987999228011485e-05
cat__City_Forbestown,2.098514591221802e-05
"cat__Lat Long_33.705836, -117.318204",2.0975699697358218e-05
cat__City_Lakeshore,2.0973240386934293e-05
"cat__Lat Long_40.053159, -123.995867",2.0927626799693384e-05
"cat__Lat Long_34.028331, -118.354338",2.0871795197621987e-05
cat__City_Friant,2.0784299414171292e-05
cat__City_Mountain Center,2.0783260989178922e-05
cat__City_Rancho Palos Verdes,2.0753849744571998e-05
"cat__Lat Long_37.902422, -121.440029",2.0745327807537586e-05
"cat__Lat Long_38.735789, -119.85798",2.0744954140243248e-05
"cat__Lat Long_41.932207, -120.135941",2.073827016781962e-05
"cat__Lat Long_35.676978, -118.101378",2.071909687542825e-05
"cat__Lat Long_37.609095, -121.263381",2.0703672000466142e-05
cat__City_Big Bear Lake,2.070362651541151e-05
"cat__Lat Long_34.057496, -118.413959",2.0669919315476458e-05
cat__City_Selma,2.0661037447795337e-05
"cat__Lat Long_39.225694, -123.717354",2.0618608284356338e-05
cat__City_Inverness,2.0612982794901632e-05
"cat__Lat Long_40.485849, -124.163234",2.0568583661269083e-05
"cat__Lat Long_36.784481, -121.759054",2.0566995804945192e-05
"cat__Lat Long_37.573633, -122.455167",2.0561637399556274e-05
"cat__Lat Long_33.890853, -118.297967",2.0558968459377206e-05
cat__City_Bayside,2.0519321213202177e-05
"cat__Lat Long_37.257063, -121.923037",2.0450795419332738e-05
cat__City_Bridgeville,2.0447784482478617e-05
"cat__Lat Long_34.051809, -118.383843",2.0443181642370183e-05
"cat__Lat Long_37.421633, -122.009613",2.0434153070012328e-05
"cat__Lat Long_41.599978, -122.539381",2.0433766713068576e-05
"cat__Lat Long_35.858054, -119.305858",2.035515659930985e-05
"cat__Lat Long_34.207295, -118.400022",2.033912453412461e-05
"cat__Lat Long_33.644585, -116.871544",2.0336750600245278e-05
cat__City_Foresthill,2.0319505725645192e-05
"cat__Lat Long_39.07116, -122.598542",2.030365186961393e-05
cat__City_Fort Bidwell,2.030303969362548e-05
"cat__Lat Long_36.814539, -119.711868",2.029171681763013e-05
cat__City_Piercy,2.0278648129447214e-05
"cat__Lat Long_33.940619, -117.9513",2.022446854669179e-05
"cat__Lat Long_37.22565, -122.297533",2.0209803643591967e-05
"cat__Lat Long_37.394536, -120.890747",2.020746975741313e-05
"cat__Lat Long_40.946785, -121.719489",2.018452684706864e-05
"cat__Lat Long_33.868316, -117.929029",2.0180936066822006e-05
"cat__Lat Long_34.052842, -118.264495",2.0147472844510287e-05
"cat__Lat Long_38.681651, -122.130569",2.0137921030389286e-05
cat__City_Healdsburg,2.0134005748967567e-05
"cat__Lat Long_40.507272, -120.338228",2.0123890071232704e-05
cat__City_Sierraville,2.0114537338618835e-05
"cat__Lat Long_34.19225, -118.776874",2.0106500860889384e-05
"cat__Lat Long_38.499302, -122.92444",2.0106063996113808e-05
"cat__Lat Long_40.825486, -124.049485",2.0102317423586295e-05
cat__City_Sierra City,2.0100111200379048e-05
"cat__Lat Long_34.9436, -115.287901",2.0080471560857255e-05
"cat__Lat Long_33.818, -117.974404",2.006315037410677e-05
"cat__Lat Long_35.316263, -119.402559",2.004890057485567e-05
cat__City_Likely,2.0021839498965658e-05
"cat__Lat Long_37.59485, -122.051521",1.998639131779347e-05
"cat__Lat Long_38.631489, -120.015167",1.9902170487451915e-05
cat__City_Ramona,1.988749009641418e-05
"cat__Lat Long_35.996923, -120.000951",1.9873843214943484e-05
"cat__Lat Long_37.794487, -122.42227",1.9839225300143905e-05
"cat__Lat Long_35.28952, -116.092214",1.9837721245830017e-05
"cat__Lat Long_36.77462, -121.664714",1.9836377158832554e-05
cat__City_Moss Beach,1.9827920579796517e-05
"cat__Lat Long_33.634626, -117.874882",1.9820767408039005e-05
cat__City_Baldwin Park,1.9775180007257177e-05
cat__City_Santee,1.975788386341411e-05
"cat__Lat Long_37.255637, -120.493537",1.9707370698120274e-05
cat__City_Vernalis,1.9706465373094238e-05
"cat__Lat Long_37.084697, -121.606417",1.9694484972060095e-05
cat__City_Witter Springs,1.965808344923354e-05
"cat__Lat Long_34.13658, -118.245839",1.9654770195438495e-05
"cat__Lat Long_34.136367, -117.460803",1.9649825651584822e-05
cat__City_Tipton,1.9635773587416385e-05
cat__City_Greenbrae,1.9634614982546172e-05
"cat__Lat Long_34.097345, -117.906736",1.962899082813693e-05
cat__City_El Portal,1.962022299454376e-05
"cat__Lat Long_38.69508, -121.271616",1.9591153175774557e-05
"cat__Lat Long_37.722127, -120.110174",1.9532016467552147e-05
cat__City_Pacifica,1.9516015740472945e-05
"cat__Lat Long_39.218096, -120.79153",1.950881626752179e-05
"cat__Lat Long_38.033219, -121.297433",1.9489088750496565e-05
"cat__Lat Long_33.174725, -116.743329",1.948158291102513e-05
"cat__Lat Long_37.527497, -122.230941",1.9459828307237806e-05
"cat__Lat Long_38.715498, -121.363411",1.9455753291057328e-05
"cat__Lat Long_38.336216, -120.76901",1.9393368313020916e-05
"cat__Lat Long_38.830739, -122.196202",1.939305163760112e-05
"cat__Lat Long_32.619465, -116.593605",1.9353813467270672e-05
"cat__Lat Long_32.555828, -117.040073",1.934816844767173e-05
"cat__Lat Long_33.763678, -116.429928",1.9264076219569583e-05
"cat__Lat Long_38.240419, -121.587535",1.925736500014068e-05
"cat__Lat Long_38.591134, -121.161585",1.9254004936594975e-05
cat__City_Monrovia,1.921291455322854e-05
"cat__Lat Long_40.949012, -123.655847",1.920041252828728e-05
cat__City_Redwood Valley,1.9166007625728176e-05
"cat__Lat Long_40.057784, -123.679461",1.9139657995188003e-05
"cat__Lat Long_36.37559, -119.211689",1.910873048160966e-05
"cat__Lat Long_35.55647, -118.244914",1.90967617114132e-05
"cat__Lat Long_34.105493, -117.660934",1.9081684099123804e-05
"cat__Lat Long_33.69887, -117.25071",1.9079559386986413e-05
"cat__Lat Long_34.072121, -117.698319",1.9031937320118617e-05
cat__City_Mariposa,1.899348696008736e-05
"cat__Lat Long_37.971421, -121.971504",1.897682301753601e-05
"cat__Lat Long_37.233034, -121.947427",1.8975804936786513e-05
"cat__Lat Long_33.17494, -117.242761",1.895362513341425e-05
cat__City_Lemon Grove,1.894545958225775e-05
"cat__Lat Long_34.169706, -118.323548",1.894337602121321e-05
cat__City_Middletown,1.8943239324652352e-05
cat__City_Santa Margarita,1.8923052626775294e-05
"cat__Lat Long_36.362741, -121.869685",1.8900207884505554e-05
"cat__Lat Long_36.977025, -121.952864",1.8872046557197237e-05
"cat__Lat Long_36.749403, -119.787574",1.883838259441746e-05
cat__City_Monterey,1.8798555676267504e-05
"cat__Lat Long_32.677716, -117.047666",1.879644590503958e-05
cat__City_Bodega,1.8792827779758295e-05
cat__City_Guadalupe,1.878594521882843e-05
"cat__Lat Long_38.489789, -122.27011",1.8783451776374963e-05
cat__City_Westwood,1.8746342862133246e-05
cat__City_Millbrae,1.8737649751344186e-05
"cat__Lat Long_38.809175, -121.171375",1.8725675023683262e-05
"cat__Lat Long_38.398815, -122.861923",1.8710026055550206e-05
"cat__Lat Long_33.792791, -117.789749",1.8703610757712987e-05
"cat__Lat Long_38.554383, -122.474773",1.86416666182427e-05
"cat__Lat Long_34.084909, -117.258107",1.859044220643907e-05
"cat__Lat Long_34.136306, -118.26036",1.857243431180704e-05
"cat__Lat Long_34.004379, -117.447864",1.8506158585603578e-05
"cat__Lat Long_38.237018, -122.77872",1.8494473422319362e-05
cat__City_Claremont,1.8450089441366434e-05
cat__City_Forestville,1.8346357572596986e-05
"cat__Lat Long_34.037037, -118.705803",1.8345147016354902e-05
"cat__Lat Long_39.342587, -121.249833",1.833907804823037e-05
cat__City_Oakdale,1.831301282143365e-05
cat__City_Branscomb,1.823702760941026e-05
cat__City_Bridgeport,1.8217449663776017e-05
cat__City_Lawndale,1.8208185997826864e-05
"cat__Lat Long_39.080469, -122.955176",1.8196393449586144e-05
"cat__Lat Long_38.235021, -122.557332",1.818183838896301e-05
cat__City_Mojave,1.818055587427921e-05
"cat__Lat Long_38.590035, -121.412455",1.817986186880926e-05
cat__City_Fort Jones,1.8153350908537942e-05
cat__City_Rocklin,1.8146844623253545e-05
"cat__Lat Long_37.946282, -121.139499",1.8110098248750618e-05
"cat__Lat Long_37.785033, -120.776141",1.8105996372904603e-05
cat__City_La Canada Flintridge,1.808676209052201e-05
"cat__Lat Long_36.462671, -118.997291",1.806823943110063e-05
"cat__Lat Long_33.744439, -117.98588",1.805936907459574e-05
cat__City_Surfside,1.8044671273094248e-05
"cat__Lat Long_34.248061, -117.29028",1.8039963270438185e-05
"cat__Lat Long_38.34719, -122.697822",1.801225755350168e-05
"cat__Lat Long_34.037342, -119.80079",1.8009818593063577e-05
"cat__Lat Long_37.550074, -118.837167",1.79683673215639e-05
cat__City_Rancho Santa Fe,1.7920202899497382e-05
"cat__Lat Long_33.970343, -118.171368",1.7918147431790646e-05
cat__City_Yreka,1.7898905590786097e-05
cat__City_Davis Creek,1.7852865303659144e-05
"cat__Lat Long_33.798266, -118.300237",1.7828302085214475e-05
"cat__Lat Long_33.787298, -117.320676",1.7824727011054792e-05
cat__City_Llano,1.7801785706371575e-05
cat__City_Montgomery Creek,1.7746259880403546e-05
cat__City_Penn Valley,1.7680780016352825e-05
cat__City_Costa Mesa,1.7678550708756398e-05
"cat__Lat Long_34.238208, -118.55029",1.7671221739250826e-05
"cat__Lat Long_38.838088, -122.73203",1.7653071941867443e-05
"cat__Lat Long_37.907777, -122.127161",1.7643694636187092e-05
"cat__Lat Long_39.396585, -121.38029",1.7642667118911164e-05
cat__City_El Centro,1.764165354546623e-05
cat__City_Mcarthur,1.7614139986819108e-05
cat__City_Thornton,1.7573766044443593e-05
cat__City_Scotia,1.7555923773926173e-05
"cat__Lat Long_34.278967, -116.773825",1.7530460329941456e-05
"cat__Lat Long_39.564113, -120.868836",1.751437353202327e-05
cat__City_Cerritos,1.7489276235220748e-05
cat__City_Grover Beach,1.7464230818277907e-05
cat__City_Windsor,1.7448213528237392e-05
"cat__Lat Long_37.670526, -120.877572",1.7396654679224282e-05
"cat__Lat Long_33.841027, -118.078097",1.738624240874424e-05
"cat__Lat Long_39.756049, -123.358701",1.736773595828547e-05
"cat__Lat Long_39.094102, -123.500853",1.7351010483762354e-05
"cat__Lat Long_34.408161, -118.865111",1.733842012672605e-05
"cat__Lat Long_33.796568, -116.924723",1.7325933552959567e-05
cat__City_Paradise,1.730823208533007e-05
"cat__Lat Long_40.363446, -123.835041",1.729831988771182e-05
"cat__Lat Long_35.233745, -120.626442",1.727125240560056e-05
"cat__Lat Long_32.741859, -117.090353",1.7267557427887997e-05
cat__City_Idyllwild,1.7264074812247918e-05
cat__City_Patterson,1.725894295787966e-05
cat__City_Shingletown,1.7217727124288322e-05
"cat__Lat Long_32.688506, -116.938632",1.7209763061116213e-05
"cat__Lat Long_32.802959, -117.027095",1.7188551309440088e-05
"cat__Lat Long_36.878364, -121.629781",1.7171739959203654e-05
"cat__Lat Long_37.871416, -122.246597",1.715854936917677e-05
cat__City_Santa Ysabel,1.7158239821540225e-05
cat__City_Point Arena,1.7150023283331382e-05
cat__City_Shafter,1.7122053404751717e-05
"cat__Lat Long_37.04584, -118.397236",1.707870666499169e-05
"cat__Lat Long_38.542532, -121.378826",1.7063884389415145e-05
cat__City_Avila Beach,1.702540020367953e-05
"cat__Lat Long_38.421458, -122.365048",1.702189165828883e-05
cat__City_Fowler,1.7007762181101698e-05
cat__City_Tupman,1.699515392205919e-05
cat__City_Forest Falls,1.6994813135598866e-05
"cat__Lat Long_34.702766, -116.093376",1.6992236283394935e-05
"cat__Lat Long_37.461251, -122.235414",1.6990205499037307e-05
"cat__Lat Long_41.266008, -120.490731",1.698190085732897e-05
cat__City_Panorama City,1.6959027312450337e-05
"cat__Lat Long_38.546999, -120.271114",1.6951091220590205e-05
"cat__Lat Long_37.809014, -122.269739",1.6946651719495414e-05
"cat__Lat Long_38.809804, -122.241383",1.688931687619121e-05
cat__City_Elk Creek,1.688747924613822e-05
"cat__Lat Long_34.360261, -119.306383",1.6875599164954695e-05
cat__City_Stevenson Ranch,1.6862606950230776e-05
cat__City_Lamont,1.684441602726428e-05
"cat__Lat Long_34.205504, -118.993111",1.6772090673482958e-05
cat__City_Capay,1.6766571956369143e-05
"cat__Lat Long_34.066964, -117.937007",1.675022345110593e-05
"cat__Lat Long_33.017518, -117.118456",1.6690988144826934e-05
"cat__Lat Long_35.480896, -120.469476",1.6666970935191282e-05
"cat__Lat Long_34.043144, -118.251977",1.6660514308682854e-05
"cat__Lat Long_33.917145, -118.401554",1.6654742814605114e-05
"cat__Lat Long_37.140104, -119.657092",1.6632114678206102e-05
"cat__Lat Long_39.246654, -120.029273",1.662499583554847e-05
cat__City_Loleta,1.662208131305747e-05
cat__City_Kneeland,1.649535524987559e-05
"cat__Lat Long_37.654436, -122.426468",1.6476243178342073e-05
"cat__Lat Long_38.574856, -121.46504",1.642347773764259e-05
"cat__Lat Long_33.323705, -116.626907",1.6416374753997772e-05
"cat__Lat Long_38.439696, -122.668817",1.6411902368127085e-05
cat__City_Pacific Palisades,1.6380430919213187e-05
"cat__Lat Long_34.035849, -118.503508",1.6344237469529895e-05
"cat__Lat Long_38.490508, -121.284171",1.633273007781761e-05
"cat__Lat Long_37.587494, -121.862856",1.6323528695096874e-05
"cat__Lat Long_37.421299, -120.599587",1.6300416902330674e-05
"cat__Lat Long_33.807864, -117.923782",1.6290570607576412e-05
"cat__Lat Long_36.793601, -119.761131",1.6264989086688832e-05
"cat__Lat Long_37.089111, -122.062213",1.6258656886720358e-05
cat__City_Pine Grove,1.625747322446451e-05
cat__City_Lytle Creek,1.625127448295665e-05
"cat__Lat Long_38.006047, -121.916834",1.624118773024672e-05
cat__City_Round Mountain,1.6231893213690645e-05
cat__City_Forest Ranch,1.622964683538594e-05
"cat__Lat Long_37.538309, -122.305109",1.6199481129662192e-05
"cat__Lat Long_39.562239, -121.14836",1.6193420240313467e-05
cat__City_Caruthers,1.618248007988621e-05
"cat__Lat Long_34.115192, -118.61017",1.616602897996462e-05
"cat__Lat Long_34.133809, -117.523724",1.6148129152279175e-05
"cat__Lat Long_37.444314, -122.149996",1.6134069946987667e-05
"cat__Lat Long_36.991762, -119.242874",1.6122663123841234e-05
"cat__Lat Long_35.957019, -119.330928",1.6117875990716507e-05
"cat__Lat Long_38.067204, -122.524004",1.609520461661133e-05
"cat__Lat Long_37.474396, -120.875917",1.6094620795467274e-05
"cat__Lat Long_36.931654, -121.752383",1.6077749544255038e-05
"cat__Lat Long_38.685069, -121.543709",1.6073113591345917e-05
"cat__Lat Long_34.238162, -117.534306",1.6071559938403043e-05
"cat__Lat Long_33.82769, -117.102244",1.6053901728179884e-05
"cat__Lat Long_40.737431, -124.108897",1.605230229737009e-05
"cat__Lat Long_37.03889, -121.528955",1.600090115584889e-05
"cat__Lat Long_37.45567, -122.407992",1.599684782745857e-05
cat__City_Jamestown,1.5984522411567047e-05
cat__City_Joshua Tree,1.5982509287790024e-05
"cat__Lat Long_34.00709, -118.258681",1.5931745114345967e-05
"cat__Lat Long_32.99356, -117.207121",1.5834786173396556e-05
cat__City_California Hot Springs,1.5799276363236904e-05
"cat__Lat Long_37.704384, -122.126703",1.5796811218202922e-05
"cat__Lat Long_39.69676, -121.644379",1.573459074302796e-05
"cat__Lat Long_40.336392, -122.448533",1.572881343196613e-05
"cat__Lat Long_37.4695, -120.672724",1.5685520477277098e-05
"cat__Lat Long_36.819628, -119.440414",1.566975529335622e-05
"cat__Lat Long_39.279068, -120.414275",1.5579341222828518e-05
"cat__Lat Long_34.264124, -114.717964",1.557906236000367e-05
cat__City_Burson,1.549603889569634e-05
"cat__Lat Long_39.12334, -122.838198",1.5484748123283778e-05
cat__City_Porter Ranch,1.547401920934542e-05
"cat__Lat Long_37.648647, -119.231447",1.545942415795102e-05
cat__City_Glen Ellen,1.5459042525077073e-05
"cat__Lat Long_38.333133, -121.920151",1.5442170614189818e-05
cat__City_South Gate,1.5440680686998416e-05
"cat__Lat Long_37.666587, -120.411517",1.5438867855575144e-05
"cat__Lat Long_34.159534, -116.425984",1.5438843068997528e-05
"cat__Lat Long_39.191797, -120.212401",1.5394759285745448e-05
cat__City_Helendale,1.538032935237718e-05
cat__City_Somis,1.5379377207265067e-05
cat__City_Felton,1.5364371525220657e-05
cat__City_Weaverville,1.5353108909430238e-05
"cat__Lat Long_37.045728, -120.630682",1.5344088296292286e-05
cat__City_Dos Palos,1.5325715762095552e-05
cat__City_Morgan Hill,1.5299534354506952e-05
"cat__Lat Long_33.988543, -118.334081",1.5221953030379337e-05
"cat__Lat Long_32.622999, -116.687855",1.5204138220172779e-05
"cat__Lat Long_37.316807, -120.855753",1.5188842803683045e-05
"cat__Lat Long_37.786031, -122.437301",1.5183977210430102e-05
cat__City_Wilseyville,1.5174749236696103e-05
"cat__Lat Long_40.077028, -121.494168",1.5150186375215707e-05
cat__City_Greenfield,1.513176771905651e-05
cat__City_Clearlake,1.5081060533026256e-05
cat__City_Canyon Dam,1.50219713577199e-05
"cat__Lat Long_36.807595, -118.901544",1.5007644899848867e-05
"cat__Lat Long_33.752591, -117.993661",1.497248193863286e-05
cat__City_Tecate,1.4960978234600087e-05
"cat__Lat Long_33.25283, -116.986079",1.4948401261345324e-05
"cat__Lat Long_40.692523, -122.369876",1.4947496885973255e-05
cat__City_Goodyears Bar,1.49313950682137e-05
cat__City_Hickman,1.4870770457740936e-05
"cat__Lat Long_33.748478, -117.858918",1.4857603125600842e-05
"cat__Lat Long_33.738543, -117.785046",1.4829682517638792e-05
"cat__Lat Long_37.972662, -122.491452",1.480866389277013e-05
"cat__Lat Long_37.160194, -121.945611",1.4760605638792197e-05
"cat__Lat Long_34.312945, -118.858169",1.4740349422298761e-05
cat__City_Mira Loma,1.4638877030647157e-05
"cat__Lat Long_37.791481, -121.903253",1.4633090349980837e-05
cat__City_Madeline,1.4621776273676015e-05
cat__City_Anza,1.4620331310982784e-05
"cat__Lat Long_37.382909, -121.634151",1.4620126041161222e-05
cat__City_Belvedere Tiburon,1.461551800897508e-05
cat__City_Norwalk,1.4604904400605724e-05
"cat__Lat Long_38.527297, -122.810044",1.4564946637502962e-05
"cat__Lat Long_34.015481, -118.493231",1.4563427556051396e-05
"cat__Lat Long_38.42528, -119.475741",1.4499787376582098e-05
"cat__Lat Long_34.177267, -118.31003",1.4479758821981351e-05
"cat__Lat Long_33.606336, -117.893042",1.4455682207518575e-05
"cat__Lat Long_37.654551, -119.822984",1.445385415332353e-05
"cat__Lat Long_33.778436, -118.118648",1.4437320549239725e-05
"cat__Lat Long_34.061918, -118.277939",1.4404299257432065e-05
"cat__Lat Long_38.517295, -121.439819",1.438520720577781e-05
cat__City_Bloomington,1.4342534931039742e-05
"cat__Lat Long_33.548869, -117.334165",1.4322563607711289e-05
cat__City_Wishon,1.4309761045739747e-05
cat__City_Sunland,1.4303778996181609e-05
"cat__Lat Long_32.811001, -115.152865",1.4302416597428614e-05
cat__City_Mc Farland,1.4300173601228325e-05
"cat__Lat Long_38.733908, -120.453416",1.4290464342615711e-05
cat__City_Dos Rios,1.425594815787779e-05
"cat__Lat Long_33.936298, -116.849577",1.4217868531645266e-05
cat__City_Del Rey,1.4183666193550721e-05
"cat__Lat Long_34.098275, -117.967399",1.4177930820104937e-05
"cat__Lat Long_33.477923, -117.705314",1.4169511366471914e-05
cat__City_Traver,1.4165789018434218e-05
"cat__Lat Long_38.965804, -122.631779",1.4126602040550972e-05
cat__City_Antioch,1.4090158061163618e-05
"cat__Lat Long_37.504133, -122.032347",1.4071975916860727e-05
"cat__Lat Long_38.99003, -121.114408",1.404903383274459e-05
"cat__Lat Long_36.414216, -121.360597",1.4045402756798341e-05
"cat__Lat Long_39.904002, -121.527823",1.402283826826373e-05
"cat__Lat Long_33.885499, -117.324959",1.3973190077049684e-05
"cat__Lat Long_38.684437, -121.055634",1.3971052863971856e-05
cat__City_Anderson,1.3949202191847334e-05
"cat__Lat Long_39.955587, -123.681175",1.3937929892324104e-05
"cat__Lat Long_36.625792, -119.672483",1.3933354161455476e-05
cat__City_Linden,1.3932291426075397e-05
"cat__Lat Long_33.90139, -118.315697",1.391668780053094e-05
"cat__Lat Long_38.047746, -121.030499",1.38957242957563e-05
cat__City_Winton,1.3889610066369728e-05
"cat__Lat Long_38.626128, -121.328011",1.38735291284603e-05
"cat__Lat Long_32.762506, -117.07245",1.386786136319204e-05
"cat__Lat Long_41.042003, -120.506086",1.384079916603587e-05
cat__City_Farmersville,1.38168522737508e-05
cat__City_June Lake,1.379402467072232e-05
cat__City_Portola,1.3791914546983415e-05
"cat__Lat Long_36.5276, -119.865999",1.3756857704377248e-05
cat__City_Soda Springs,1.3687296492121263e-05
cat__City_Granada Hills,1.3663873713262756e-05
"cat__Lat Long_33.782955, -118.026456",1.3654888358235349e-05
"cat__Lat Long_32.909873, -116.906774",1.3646598115039731e-05
cat__City_Banning,1.3641850175361482e-05
cat__City_Nicolaus,1.3633499263613587e-05
"cat__Lat Long_34.422519, -118.420717",1.3614986811055353e-05
cat__City_Imperial,1.3579666120324308e-05
cat__City_Watsonville,1.3541145931917e-05
"cat__Lat Long_40.726949, -124.217378",1.3540715702324061e-05
cat__City_Calimesa,1.347615810357465e-05
"cat__Lat Long_38.157794, -121.520223",1.3458338016039962e-05
cat__City_Gold Run,1.3390150966962303e-05
"cat__Lat Long_39.170376, -120.838404",1.3323832230663438e-05
"cat__Lat Long_36.633498, -119.298895",1.3273323446684161e-05
"cat__Lat Long_32.85723, -117.209774",1.3265314675414631e-05
cat__City_Clements,1.3262098035435728e-05
"cat__Lat Long_34.195685, -118.490752",1.3237498340045623e-05
"cat__Lat Long_33.782068, -118.262263",1.3233127160531528e-05
"cat__Lat Long_34.406256, -119.726936",1.3195231760118795e-05
"cat__Lat Long_34.242058, -116.89802",1.3102259616431178e-05
"cat__Lat Long_34.2112, -118.230625",1.3093520300558297e-05
cat__City_Alta,1.3055895203636408e-05
cat__City_Nipton,1.3054150103294234e-05
cat__City_Benton,1.3030043034808351e-05
cat__City_Morongo Valley,1.3018634977631908e-05
"cat__Lat Long_36.822715, -119.761826",1.2952067315678047e-05
"cat__Lat Long_33.62251, -117.927024",1.291038964625249e-05
cat__City_Newberry Springs,1.2906499995970677e-05
"cat__Lat Long_37.529656, -120.854357",1.28930254968602e-05
cat__City_Redcrest,1.289164400909194e-05
"cat__Lat Long_34.008293, -118.346766",1.2868416705692294e-05
"cat__Lat Long_38.392821, -121.799917",1.2851205635612548e-05
"cat__Lat Long_33.921793, -118.140588",1.282529274289124e-05
cat__City_Sonora,1.2784807992669506e-05
"cat__Lat Long_34.438581, -119.685368",1.2775807034565022e-05
cat__City_Grimes,1.2757236989984359e-05
"cat__Lat Long_38.392686, -120.415951",1.2736432469248997e-05
cat__City_Eagleville,1.2718193484950622e-05
cat__City_Greenview,1.2705530922023492e-05
cat__City_Bangor,1.2647152138240327e-05
"cat__Lat Long_37.921137, -122.657562",1.2644101184818338e-05
cat__City_Castroville,1.2627377605117943e-05
"cat__Lat Long_34.424926, -117.184503",1.2615582338206921e-05
"cat__Lat Long_33.905963, -118.08263",1.2604477983682751e-05
cat__City_Vina,1.2588363143968992e-05
"cat__Lat Long_34.049671, -117.468896",1.2584974189438373e-05
"cat__Lat Long_37.266388, -122.26308",1.2575700747980088e-05
"cat__Lat Long_40.587919, -122.464732",1.253640302561602e-05
cat__City_Cloverdale,1.252963422800085e-05
cat__City_Corte Madera,1.2509351887514582e-05
"cat__Lat Long_35.637715, -119.893068",1.2499139854409949e-05
"cat__Lat Long_33.819385, -117.600213",1.2495701582925886e-05
cat__City_Los Altos,1.2485106198534331e-05
"cat__Lat Long_38.021772, -122.691744",1.2465542362340184e-05
cat__City_El Dorado Hills,1.241957704024968e-05
"cat__Lat Long_33.958134, -118.330905",1.2396483053566695e-05
cat__City_Bishop,1.233780926065705e-05
cat__City_Esparto,1.2319047372864171e-05
cat__City_Alamo,1.231227746161253e-05
"cat__Lat Long_34.044271, -118.185237",1.231055642612076e-05
"cat__Lat Long_38.377165, -123.037957",1.2309514583378033e-05
"cat__Lat Long_38.688764, -121.457596",1.2285851429343911e-05
"cat__Lat Long_33.384345, -117.072619",1.2280390899460976e-05
cat__City_Holtville,1.2248647026985523e-05
cat__City_Kelseyville,1.2219585115687565e-05
"cat__Lat Long_34.067932, -117.785168",1.2179790854673746e-05
"cat__Lat Long_33.982787, -117.057627",1.2054118692803778e-05
cat__City_Galt,1.2053814010052031e-05
cat__City_Kettleman City,1.2047550237351628e-05
cat__City_Lagunitas,1.2043499400034164e-05
"cat__Lat Long_37.285677, -122.224165",1.2028065741708207e-05
cat__City_Whitmore,1.1919578223579546e-05
"cat__Lat Long_34.601055, -120.382917",1.1880984960644717e-05
cat__City_Mount Hermon,1.1858192928012322e-05
cat__City_Alameda,1.1836315220579788e-05
"cat__Lat Long_34.486835, -117.362274",1.1830784712221712e-05
cat__City_Littlerock,1.1819727491279631e-05
cat__City_Hawthorne,1.180622502530077e-05
"cat__Lat Long_37.270938, -121.851046",1.175026160769838e-05
"cat__Lat Long_34.127621, -117.717863",1.1747285034598347e-05
cat__City_Westport,1.1731806320274645e-05
"cat__Lat Long_33.600987, -117.862734",1.1705246345707804e-05
"cat__Lat Long_34.278697, -119.167798",1.1702015913491903e-05
"cat__Lat Long_38.966713, -123.586412",1.1691672531493901e-05
cat__City_Auberry,1.1682385146098515e-05
"cat__Lat Long_38.627951, -121.593287",1.1679377426573747e-05
"cat__Lat Long_34.091829, -118.491244",1.1648733154314486e-05
"cat__Lat Long_35.886767, -120.608661",1.1642798029372718e-05
"cat__Lat Long_36.444232, -119.718285",1.1571544016281069e-05
cat__City_Sebastopol,1.154348243702163e-05
cat__City_Nice,1.1538054632403946e-05
"cat__Lat Long_38.050558, -121.646924",1.1532099341982187e-05
"cat__Lat Long_33.624654, -117.611733",1.1519442575660837e-05
"cat__Lat Long_34.037251, -118.423573",1.1506293940389538e-05
cat__City_Hanford,1.1493580880948424e-05
"cat__Lat Long_33.920907, -117.489426",1.1483555849889586e-05
"cat__Lat Long_40.497283, -123.93037",1.1428878148078733e-05
"cat__Lat Long_33.958149, -118.308441",1.1413488787055173e-05
cat__City_Boulevard,1.141245188761182e-05
"cat__Lat Long_37.497915, -122.267361",1.138543722551649e-05
"cat__Lat Long_39.281194, -122.226568",1.1351167962214016e-05
"cat__Lat Long_33.081478, -117.033814",1.134258153848147e-05
"cat__Lat Long_38.834469, -122.127193",1.1326717669424393e-05
cat__City_O Neals,1.1324761454371333e-05
"cat__Lat Long_35.511833, -120.918713",1.1318304045085149e-05
cat__City_Burnt Ranch,1.131179405120613e-05
"cat__Lat Long_33.507255, -117.029473",1.1271533888012443e-05
cat__City_Big Bar,1.1252657185548067e-05
"cat__Lat Long_35.591387, -121.032256",1.1234773122256498e-05
cat__City_Nuevo,1.1229022414705717e-05
cat__City_Dorris,1.1218593501981432e-05
"cat__Lat Long_33.03679, -115.60503",1.120657194316452e-05
cat__City_San Juan Bautista,1.1177279811149399e-05
"cat__Lat Long_37.83323, -121.601461",1.1157508245303154e-05
cat__City_Ben Lomond,1.1114032048792618e-05
cat__City_Willow Creek,1.105669850239038e-05
"cat__Lat Long_38.154823, -121.601358",1.1043787575996806e-05
"cat__Lat Long_33.787165, -117.931889",1.1043134133345626e-05
"cat__Lat Long_32.76501, -117.19938",1.10332289266106e-05
cat__City_Orland,1.1024807143280603e-05
cat__City_Pleasanton,1.101337110288358e-05
"cat__Lat Long_38.584505, -121.491956",1.1013106440958542e-05
"cat__Lat Long_33.141265, -116.967221",1.0978883708852577e-05
"cat__Lat Long_34.028735, -118.317236",1.0977613159585295e-05
"cat__Lat Long_34.128284, -118.047732",1.0935089018254329e-05
cat__City_Brooks,1.0922555809122307e-05
"cat__Lat Long_33.429488, -117.609432",1.0915125282570542e-05
"cat__Lat Long_41.949216, -122.050062",1.0896897717768551e-05
"cat__Lat Long_39.748037, -122.302169",1.0891948555255423e-05
"cat__Lat Long_37.873283, -121.292034",1.08775919363058e-05
"cat__Lat Long_41.737962, -123.07557",1.0850587094161709e-05
cat__City_Jenner,1.0813323310954741e-05
"cat__Lat Long_34.223768, -118.445461",1.0806155740283914e-05
cat__City_Big Oak Flat,1.080524532337476e-05
"cat__Lat Long_38.044523, -121.348048",1.0799123686364839e-05
"cat__Lat Long_38.431407, -120.8421",1.0781943875195943e-05
"cat__Lat Long_38.013825, -122.039144",1.0769724193776978e-05
cat__City_Rohnert Park,1.0760253197491358e-05
"cat__Lat Long_37.991259, -122.214945",1.0758929329314533e-05
"cat__Lat Long_37.17277, -119.2997",1.0709766622513216e-05
"cat__Lat Long_38.733714, -120.795213",1.0642539913025869e-05
cat__City_Paynes Creek,1.0634472184052763e-05
cat__City_Hyampom,1.0633896825092255e-05
cat__City_Ludlow,1.0626354423435102e-05
"cat__Lat Long_33.631119, -117.567346",1.0598318569877356e-05
"cat__Lat Long_34.95934, -120.490081",1.0593040059353763e-05
cat__City_Standish,1.0589393261135324e-05
cat__City_Lakeside,1.0565928632723362e-05
"cat__Lat Long_35.245035, -118.905553",1.0533807570760395e-05
"cat__Lat Long_38.104705, -122.247387",1.0468400736012606e-05
"cat__Lat Long_39.473896, -121.415927",1.043339528772178e-05
cat__City_Danville,1.0372388873604354e-05
cat__City_Eureka,1.0370849627289758e-05
cat__City_Shandon,1.0364104742605852e-05
cat__City_Rio Linda,1.0356789583489276e-05
"cat__Lat Long_35.865795, -118.69759",1.0354029919817206e-05
cat__City_Big Creek,1.0351705595270749e-05
cat__City_Garden Valley,1.034590711369223e-05
"cat__Lat Long_34.061634, -117.893169",1.0341311382743893e-05
cat__City_San Carlos,1.0289225935420215e-05
"cat__Lat Long_38.888351, -123.239647",1.026984867537845e-05
"cat__Lat Long_38.696659, -123.436861",1.0266091520802296e-05
"cat__Lat Long_37.980057, -121.801599",1.026499682653008e-05
cat__City_Durham,1.026441341457999e-05
"cat__Lat Long_37.051166, -122.056194",1.0258870574631645e-05
"cat__Lat Long_37.685052, -121.912061",1.0245745241690173e-05
"cat__Lat Long_33.527605, -116.666551",1.0236858657144636e-05
"cat__Lat Long_36.722898, -121.633648",1.0223784279317539e-05
"cat__Lat Long_33.215251, -116.53633",1.0212227537966335e-05
"cat__Lat Long_34.505273, -117.955054",1.0205278669067456e-05
"cat__Lat Long_33.760458, -118.129725",1.0185082923788833e-05
cat__City_Aromas,1.0172349102743694e-05
cat__City_Sequoia National Park,1.0167425209460947e-05
"cat__Lat Long_34.631362, -120.238218",1.0137112379513593e-05
cat__City_Kenwood,1.0132615173237794e-05
"cat__Lat Long_37.45809, -122.115398",1.0086433459431898e-05
"cat__Lat Long_40.796621, -124.15428",1.0075395404587112e-05
cat__City_Pixley,1.0058523512330568e-05
"cat__Lat Long_39.455555, -123.683979",1.0039612512850537e-05
"cat__Lat Long_38.69549, -121.307864",1.0024661177094117e-05
cat__City_Wofford Heights,9.978492565440047e-06
"cat__Lat Long_33.976328, -117.319786",9.967199457792183e-06
cat__City_Creston,9.957610661664539e-06
"cat__Lat Long_33.972119, -118.020188",9.93251525877499e-06
cat__City_Newman,9.92954783819621e-06
cat__City_Wilton,9.919582538911685e-06
"cat__Lat Long_39.495768, -121.747472",9.915667333164843e-06
"cat__Lat Long_38.481902, -120.603668",9.886266924907104e-06
"cat__Lat Long_37.921034, -122.341798",9.869246349999619e-06
cat__City_Oakley,9.85252180443506e-06
"cat__Lat Long_32.587557, -116.636816",9.83966473732453e-06
"cat__Lat Long_40.271535, -121.018087",9.838321518624331e-06
cat__City_Glencoe,9.81360408600403e-06
"cat__Lat Long_39.457388, -121.818201",9.794157854163004e-06
"cat__Lat Long_33.830209, -117.906099",9.790456515801555e-06
cat__City_El Cerrito,9.777723223317817e-06
"cat__Lat Long_38.759751, -121.288545",9.769371888116755e-06
"cat__Lat Long_33.952714, -118.292061",9.732543703499328e-06
"cat__Lat Long_38.196497, -120.61689",9.720978766000563e-06
"cat__Lat Long_33.638645, -116.55783",9.704933358042671e-06
cat__City_Sunol,9.702919926146568e-06
"cat__Lat Long_37.386978, -122.177746",9.700292506800825e-06
cat__City_Albion,9.645644072372111e-06
"cat__Lat Long_33.893823, -117.531446",9.644336074937832e-06
"cat__Lat Long_33.784597, -117.844535",9.597351112854736e-06
"cat__Lat Long_33.897122, -118.164432",9.584296590211204e-06
cat__City_Lake Arrowhead,9.560503291688063e-06
"cat__Lat Long_33.786738, -117.982564",9.556359482120583e-06
"cat__Lat Long_32.832706, -116.873258",9.55339221785408e-06
cat__City_Ione,9.545097845529748e-06
"cat__Lat Long_41.017282, -121.468945",9.544049112428885e-06
"cat__Lat Long_37.410236, -121.320337",9.536068307775866e-06
cat__City_San Marino,9.520106086052959e-06
"cat__Lat Long_33.60693, -117.644253",9.49180039688623e-06
"cat__Lat Long_37.556094, -122.272437",9.483311158774191e-06
"cat__Lat Long_36.810568, -121.503022",9.467786052678002e-06
"cat__Lat Long_36.596271, -121.442274",9.456282498707653e-06
cat__City_Volcano,9.44870681638668e-06
"cat__Lat Long_38.161321, -122.271588",9.445907312238043e-06
"cat__Lat Long_34.936, -120.594655",9.369816658661117e-06
cat__City_Loma Mar,9.365551127596969e-06
"cat__Lat Long_34.10097, -117.57882",9.347157257775145e-06
cat__City_Macdoel,9.332569375623216e-06
"cat__Lat Long_40.664483, -123.865325",9.24838519780557e-06
"cat__Lat Long_39.176595, -121.291692",9.246322525078075e-06
"cat__Lat Long_37.249377, -120.249581",9.216818352010264e-06
"cat__Lat Long_38.486938, -121.395805",9.194677192902874e-06
"cat__Lat Long_41.10831, -121.360362",9.187272389004661e-06
cat__City_Lake Forest,9.166995249571468e-06
cat__City_Scotts Valley,9.133368792699699e-06
cat__City_Kirkwood,9.117981733162259e-06
"cat__Lat Long_37.734971, -120.954271",9.093995743839478e-06
cat__City_King City,9.052966271701032e-06
"cat__Lat Long_37.672906, -120.946594",9.040772798216666e-06
cat__City_Kyburz,9.031721200097442e-06
cat__City_Glenn,9.027705809892957e-06
"cat__Lat Long_38.105733, -122.186338",9.02642333367856e-06
"cat__Lat Long_36.624338, -121.615669",9.013110776130825e-06
cat__City_Brookdale,8.914114008006735e-06
cat__City_Hoopa,8.913334990682833e-06
cat__City_Salton City,8.843761495520173e-06
cat__City_Wilmington,8.82845639403926e-06
"cat__Lat Long_39.724433, -123.767578",8.811398559134907e-06
cat__City_Oak View,8.794518152132955e-06
"cat__Lat Long_33.617108, -117.253349",8.787207854061044e-06
cat__City_Suisun City,8.762828015010301e-06
"cat__Lat Long_37.736535, -122.45732",8.742783084778297e-06
"cat__Lat Long_37.233226, -121.78809",8.731402375636774e-06
cat__City_Carmel,8.715950952830485e-06
"cat__Lat Long_37.339533, -121.777179",8.711061228522066e-06
"cat__Lat Long_37.943954, -120.67108",8.704862022290387e-06
"cat__Lat Long_33.942895, -117.725644",8.686188136313377e-06
cat__City_Palos Verdes Peninsula,8.668594147071527e-06
"cat__Lat Long_36.878709, -119.7645",8.655141991989968e-06
cat__City_Sheridan,8.63334325226666e-06
cat__City_Carnelian Bay,8.621392867573515e-06
"cat__Lat Long_38.93706, -123.118111",8.594236149576743e-06
cat__City_Soledad,8.534639638059012e-06
"cat__Lat Long_36.29223, -119.622676",8.494091628379758e-06
cat__City_San Ardo,8.48882210743812e-06
"cat__Lat Long_37.766556, -121.976784",8.446213277261276e-06
"cat__Lat Long_35.478736, -115.516984",8.39706460591767e-06
cat__City_Pioneer,8.37855988843557e-06
"cat__Lat Long_36.600185, -119.175655",8.37693768427847e-06
"cat__Lat Long_34.079449, -118.548306",8.312813627703876e-06
cat__City_Harbor City,8.298321960093601e-06
cat__City_Boonville,8.28782642869951e-06
cat__City_Placerville,8.244401097422653e-06
"cat__Lat Long_38.002125, -121.324979",8.242308466965467e-06
cat__City_Sunset Beach,8.224390359092652e-06
"cat__Lat Long_35.74837, -117.384948",8.220085564510295e-06
"cat__Lat Long_34.500091, -117.765862",8.202357056515475e-06
cat__City_Blairsden Graeagle,8.177094975360872e-06
cat__City_Silverado,8.137664935733074e-06
"cat__Lat Long_33.143826, -115.497485",8.127902438023325e-06
cat__City_River Pines,8.124977217923823e-06
"cat__Lat Long_34.167236, -116.281511",8.085311702274682e-06
"cat__Lat Long_40.012675, -120.101857",8.080936454435027e-06
"cat__Lat Long_38.415003, -122.998726",8.063016847621365e-06
cat__City_Milford,8.060990312556051e-06
"cat__Lat Long_37.954089, -121.329761",8.056484908033334e-06
"cat__Lat Long_37.999406, -121.686241",8.044169087169728e-06
"cat__Lat Long_37.255479, -121.889838",8.01226509678179e-06
"cat__Lat Long_34.2565, -117.19335",7.995974409469059e-06
"cat__Lat Long_37.458367, -119.345011",7.984725218048198e-06
"cat__Lat Long_37.731505, -122.384532",7.980852113540778e-06
"cat__Lat Long_33.744119, -118.31448",7.945974864569828e-06
"cat__Lat Long_36.635661, -120.288644",7.942131918369028e-06
"cat__Lat Long_33.28156, -115.955541",7.941080928030108e-06
cat__City_Albany,7.899765433455244e-06
cat__City_The Sea Ranch,7.872236206736156e-06
cat__City_Mill Creek,7.864290362073725e-06
"cat__Lat Long_38.766036, -120.209673",7.829667678197235e-06
"cat__Lat Long_38.788898, -121.608624",7.803425549384056e-06
cat__City_Big Bear City,7.772957705023981e-06
"cat__Lat Long_33.83796, -117.870494",7.684982232270433e-06
cat__City_Cayucos,7.652051864419586e-06
cat__City_Independence,7.62818570226133e-06
"cat__Lat Long_38.646209, -121.52446",7.578525970695242e-06
"cat__Lat Long_36.527243, -118.594938",7.571351345310455e-06
"cat__Lat Long_34.557711, -118.029441",7.570765651912113e-06
cat__City_San Bruno,7.567518250993768e-06
cat__City_Buellton,7.537883982986913e-06
cat__City_Orange Cove,7.5250690401124696e-06
"cat__Lat Long_33.79499, -118.065591",7.49395830402198e-06
cat__City_Arcata,7.4872600981826425e-06
cat__City_Colusa,7.482948019614099e-06
cat__City_Lake Isabella,7.442704703729064e-06
"cat__Lat Long_36.545353, -119.338535",7.4336319373808705e-06
"cat__Lat Long_40.331975, -121.460674",7.4114135075580785e-06
cat__City_Moorpark,7.407596971385669e-06
cat__City_Onyx,7.349280857643396e-06
"cat__Lat Long_34.109775, -117.378904",7.342627323310518e-06
cat__City_Arbuckle,7.337606007170618e-06
cat__City_North Fork,7.3344043774239e-06
cat__City_Loma Linda,7.332838792480755e-06
"cat__Lat Long_32.807867, -117.060993",7.320660942607252e-06
cat__City_Poway,7.2875248550446515e-06
cat__City_Canyon Country,7.282952974100846e-06
cat__City_Moss Landing,7.2619596830703135e-06
cat__City_West Hollywood,7.139649554203079e-06
"cat__Lat Long_40.274302, -124.210902",7.137724747298498e-06
"cat__Lat Long_39.786755, -120.445626",7.1353705202730065e-06
"cat__Lat Long_36.993451, -122.098858",7.122285041068557e-06
cat__City_Ivanhoe,7.12208075948599e-06
"cat__Lat Long_34.903052, -118.411251",7.103802412030618e-06
"cat__Lat Long_34.43987, -118.644609",7.099480587912438e-06
cat__City_Browns Valley,7.091499191251347e-06
"cat__Lat Long_40.053684, -120.743116",7.084376493502585e-06
cat__City_Bethel Island,7.071548058791462e-06
cat__City_Copperopolis,7.015560928859496e-06
cat__City_Lake Hughes,6.945147794339085e-06
"cat__Lat Long_38.619049, -121.517552",6.88905903868463e-06
cat__City_Calipatria,6.868941710881843e-06
cat__City_Nevada City,6.857017098214874e-06
"cat__Lat Long_36.732694, -119.783786",6.838495896150438e-06
"cat__Lat Long_37.343846, -121.039391",6.831810132113213e-06
cat__City_Sloughhouse,6.816609522540725e-06
cat__City_Little River,6.795994737441107e-06
cat__City_Vidal,6.792798181166871e-06
"cat__Lat Long_40.181279, -120.392967",6.783958386032353e-06
"cat__Lat Long_35.690535, -118.552784",6.747968399776287e-06
"cat__Lat Long_33.571259, -117.731917",6.746317189341469e-06
"cat__Lat Long_36.560498, -117.962461",6.739541856033244e-06
"cat__Lat Long_37.802071, -122.411004",6.70252379201817e-06
"cat__Lat Long_38.33788, -120.954202",6.698753223752342e-06
"cat__Lat Long_33.611945, -117.665867",6.665286059494457e-06
cat__City_Isleton,6.64380349722378e-06
cat__City_Los Alamitos,6.631906950185339e-06
"cat__Lat Long_39.423046, -120.984472",6.623087908664435e-06
"cat__Lat Long_33.850452, -117.726668",6.6026342598469304e-06
cat__City_Rancho Mirage,6.585959368152731e-06
"cat__Lat Long_38.982373, -122.047751",6.5844823576923745e-06
"cat__Lat Long_32.765299, -117.122565",6.582876793787982e-06
cat__City_Helm,6.563567807312883e-06
"cat__Lat Long_33.988572, -118.186565",6.563271049382796e-06
cat__City_Pala,6.560309693518054e-06
"cat__Lat Long_37.007882, -122.065975",6.542327345913638e-06
"cat__Lat Long_37.797526, -122.464531",6.541128327081442e-06
"cat__Lat Long_33.739415, -116.968339",6.525099919653891e-06
"cat__Lat Long_38.488431, -122.752839",6.503573326153267e-06
"cat__Lat Long_39.245911, -123.77214",6.500155731323549e-06
"cat__Lat Long_33.781086, -118.199049",6.489967191878305e-06
"cat__Lat Long_34.063947, -118.383001",6.488626618314091e-06
"cat__Lat Long_35.383937, -119.020428",6.4591450490520484e-06
"cat__Lat Long_34.506627, -118.699048",6.456048286739999e-06
cat__City_Trona,6.415988763223781e-06
"cat__Lat Long_38.545775, -120.743325",6.359832414681298e-06
"cat__Lat Long_37.394411, -120.127262",6.352552703240175e-06
"cat__Lat Long_37.246064, -121.749494",6.336531938323164e-06
"cat__Lat Long_38.660442, -121.346321",6.326294960885585e-06
cat__City_Mt Baldy,6.313833738223217e-06
"cat__Lat Long_38.674276, -121.961866",6.258156404009348e-06
"cat__Lat Long_38.470423, -121.114897",6.229537842500786e-06
cat__City_Cedar Glen,6.198453240318717e-06
"cat__Lat Long_38.984756, -121.345074",6.1819921031025385e-06
cat__City_Tulare,6.174521376357259e-06
cat__City_Keeler,6.168067345700484e-06
"cat__Lat Long_38.183918, -120.898817",6.164239959051454e-06
cat__City_Duncans Mills,6.156754474438641e-06
"cat__Lat Long_36.869584, -118.189241",6.154860593227308e-06
cat__City_Guerneville,6.128710759684432e-06
cat__City_Lost Hills,6.074541462041971e-06
cat__City_Wendel,6.061253725753453e-06
"cat__Lat Long_39.873371, -123.741474",6.0455631510141175e-06
cat__City_Parlier,6.023889670416532e-06
cat__City_San Ramon,6.0083950862830845e-06
"cat__Lat Long_33.88274, -117.224878",5.976418725080365e-06
"cat__Lat Long_33.802664, -118.179971",5.9623771580377025e-06
cat__City_Cambria,5.946055875845886e-06
cat__City_Sheep Ranch,5.91019946323283e-06
cat__City_Marysville,5.903380216972542e-06
"cat__Lat Long_34.137412, -118.207607",5.898379921364315e-06
"cat__Lat Long_35.607875, -118.466318",5.8921087929082925e-06
"cat__Lat Long_37.424342, -122.165641",5.873510176304469e-06
cat__City_Dutch Flat,5.861033744440855e-06
"cat__Lat Long_33.923149, -117.244933",5.820533337170748e-06
cat__City_Platina,5.818876456432242e-06
"cat__Lat Long_33.529047, -117.701175",5.798411188473559e-06
cat__City_Oro Grande,5.7909380684021004e-06
cat__City_Shoshone,5.76915740364782e-06
"cat__Lat Long_37.717196, -122.159338",5.76451373130976e-06
cat__City_Keyes,5.755292169173065e-06
"cat__Lat Long_34.087558, -117.464096",5.7372141906616495e-06
"cat__Lat Long_40.923558, -122.059933",5.720800585879257e-06
cat__City_Madison,5.719967386046753e-06
"cat__Lat Long_37.946617, -122.563571",5.691713705817617e-06
cat__City_Applegate,5.613886585701475e-06
"cat__Lat Long_36.520537, -120.118055",5.607651995071964e-06
"cat__Lat Long_38.63153, -120.842609",5.6049764747283345e-06
cat__City_Chualar,5.570516074883458e-06
"cat__Lat Long_33.728273, -118.085304",5.537796702050782e-06
"cat__Lat Long_37.684694, -122.40712",5.513946509225595e-06
"cat__Lat Long_38.148862, -121.737696",5.493113384948642e-06
"cat__Lat Long_39.220368, -122.907693",5.4867910962283275e-06
cat__City_Janesville,5.472147906879242e-06
"cat__Lat Long_34.296813, -118.685703",5.472088961602098e-06
cat__City_Lockwood,5.45953345039553e-06
cat__City_Kerman,5.392696302858461e-06
"cat__Lat Long_38.912881, -121.082766",5.390539541882826e-06
"cat__Lat Long_34.70434, -120.02609",5.382006143847114e-06
cat__City_Woodlake,5.371424104512678e-06
"cat__Lat Long_34.106922, -117.297553",5.369076236438979e-06
"cat__Lat Long_37.555631, -120.911653",5.306356317850314e-06
cat__City_Orleans,5.301760121595449e-06
"cat__Lat Long_39.033058, -121.895718",5.28682707656292e-06
"cat__Lat Long_33.644849, -117.684254",5.283298391999089e-06
"cat__Lat Long_39.00978, -120.978273",5.276081823957064e-06
cat__City_Maywood,5.254745633515582e-06
"cat__Lat Long_38.513484, -120.704613",5.231107332188546e-06
"cat__Lat Long_38.343282, -122.9755",5.2249214108352584e-06
cat__City_Coalinga,5.203818921865549e-06
"cat__Lat Long_33.678591, -117.905471",5.186523741571827e-06
"cat__Lat Long_37.304681, -121.809955",5.142469779072497e-06
cat__City_North San Juan,5.1093791711581534e-06
cat__City_Villa Park,5.093699166812362e-06
"cat__Lat Long_33.721917, -118.043237",5.0717353470438954e-06
cat__City_Smartville,5.063655735102253e-06
cat__City_Valley Springs,5.051597109227843e-06
"cat__Lat Long_38.400264, -120.641274",5.009512436891716e-06
"cat__Lat Long_40.722733, -122.109666",4.967928991470211e-06
"cat__Lat Long_39.194539, -120.988066",4.960806958576378e-06
"cat__Lat Long_37.791998, -122.408653",4.957469242212131e-06
"cat__Lat Long_39.933852, -121.584371",4.949234346130679e-06
cat__City_Gazelle,4.94321066208312e-06
"cat__Lat Long_35.120833, -120.61843",4.937683057168082e-06
cat__City_Richvale,4.937285961286787e-06
cat__City_Squaw Valley,4.920442939104345e-06
"cat__Lat Long_38.606703, -120.586659",4.8969164390708e-06
"cat__Lat Long_33.735802, -117.818805",4.893402327455222e-06
"cat__Lat Long_37.284265, -121.827673",4.887696246981231e-06
"cat__Lat Long_33.162624, -117.170863",4.871395411954028e-06
cat__City_Callahan,4.851117050440756e-06
cat__City_Laguna Niguel,4.788942282566103e-06
"cat__Lat Long_37.781304, -122.461522",4.781825437656181e-06
"cat__Lat Long_35.996008, -120.85305",4.772778382599279e-06
cat__City_Snelling,4.772231256198363e-06
cat__City_Cobb,4.741848134326583e-06
"cat__Lat Long_33.012751, -117.200617",4.712291050438823e-06
cat__City_Stanford,4.702482837557512e-06
cat__City_Raymond,4.649240806411958e-06
"cat__Lat Long_32.677097, -116.304991",4.628579080445333e-06
cat__City_Fort Bragg,4.6211265918167804e-06
"cat__Lat Long_33.88856, -118.351813",4.61999292041495e-06
cat__City_Castella,4.591032162213886e-06
"cat__Lat Long_39.298065, -123.25211",4.580436654351982e-06
"cat__Lat Long_34.231318, -117.662032",4.562253294058007e-06
"cat__Lat Long_33.739412, -117.173334",4.534624031892019e-06
"cat__Lat Long_34.659579, -118.584212",4.52588911703729e-06
"cat__Lat Long_37.106902, -122.100006",4.517904787653241e-06
cat__City_Orosi,4.510204157883135e-06
"cat__Lat Long_40.648024, -123.465088",4.508035241149186e-06
"cat__Lat Long_40.877552, -121.885884",4.501470829634466e-06
cat__City_Davis,4.485091350615131e-06
cat__City_Sugarloaf,4.470714504553112e-06
"cat__Lat Long_36.587497, -121.944815",4.468209815777677e-06
"cat__Lat Long_38.852544, -120.837669",4.461018908069838e-06
"cat__Lat Long_37.724817, -122.224363",4.452364581926788e-06
cat__City_Pebble Beach,4.452212877621314e-06
"cat__Lat Long_36.245926, -118.693138",4.4358066277124804e-06
"cat__Lat Long_35.634488, -120.293534",4.413059292916023e-06
"cat__Lat Long_34.099891, -118.414338",4.412928918815243e-06
"cat__Lat Long_41.083464, -121.107929",4.410759827258605e-06
cat__City_Bella Vista,4.406512831187651e-06
"cat__Lat Long_41.769709, -121.92063",4.343532007314869e-06
"cat__Lat Long_36.27688, -117.033326",4.336295144073342e-06
"cat__Lat Long_41.528541, -122.955018",4.324088884227301e-06
cat__City_Mendocino,4.27745260176404e-06
cat__City_Magalia,4.223183888621933e-06
"cat__Lat Long_34.049315, -117.255974",4.220708691243402e-06
"cat__Lat Long_38.851842, -120.076204",4.216931926894626e-06
cat__City_Fillmore,4.213281844188648e-06
"cat__Lat Long_37.815459, -121.977203",4.159961671908781e-06
"cat__Lat Long_38.244806, -120.417301",4.1107148944304625e-06
"cat__Lat Long_39.203817, -121.19584",3.992816327125028e-06
"cat__Lat Long_37.023669, -121.946461",3.97725484804713e-06
"cat__Lat Long_37.830267, -121.201018",3.975508414013542e-06
cat__City_Los Olivos,3.973266166333635e-06
"cat__Lat Long_38.823278, -121.281856",3.940770729476649e-06
"cat__Lat Long_41.388397, -122.794636",3.922207089012e-06
cat__City_Lower Lake,3.886736314779865e-06
"cat__Lat Long_37.890145, -119.184087",3.885840611093953e-06
"cat__Lat Long_35.392599, -119.245341",3.880313699596992e-06
"cat__Lat Long_37.605926, -120.69955",3.8583068440508345e-06
"cat__Lat Long_40.426679, -121.850421",3.8555055626816864e-06
cat__City_Stinson Beach,3.8512897794564035e-06
"cat__Lat Long_40.854512, -123.450097",3.8447819897352235e-06
cat__City_Maxwell,3.8445733527456926e-06
"cat__Lat Long_34.489983, -120.091246",3.8048772701182637e-06
"cat__Lat Long_32.984395, -117.013454",3.8015052852982593e-06
cat__City_Kings Beach,3.7910847734885827e-06
cat__City_Shasta Lake,3.7908911649968232e-06
"cat__Lat Long_37.524721, -120.757977",3.727445820141795e-06
"cat__Lat Long_36.667794, -121.601306",3.7255441113734257e-06
cat__City_Garberville,3.6937656359799295e-06
cat__City_Junction City,3.690903822340587e-06
"cat__Lat Long_38.304194, -120.592431",3.6847406806522525e-06
"cat__Lat Long_33.720359, -117.733655",3.6830426817877066e-06
"cat__Lat Long_38.505995, -123.187019",3.643660572020467e-06
"cat__Lat Long_36.456091, -119.486225",3.595153071997825e-06
"cat__Lat Long_33.92128, -118.274186",3.5916081476558005e-06
cat__City_Lee Vining,3.5913480411584417e-06
"cat__Lat Long_36.799648, -119.801247",3.546765994264816e-06
"cat__Lat Long_41.269521, -123.546958",3.5272420678055395e-06
cat__City_Coulterville,3.4788588180292592e-06
cat__City_Menlo Park,3.452671944573088e-06
"cat__Lat Long_39.531028, -121.24807",3.438184485208472e-06
"cat__Lat Long_33.764018, -117.931507",3.4276270731348234e-06
"cat__Lat Long_38.460517, -122.790335",3.402280747024094e-06
cat__City_Kernville,3.3929298685623453e-06
"cat__Lat Long_35.559617, -118.925185",3.275651056768299e-06
cat__City_Catheys Valley,3.2742766464579085e-06
cat__City_Valley Center,3.2464368499198796e-06
cat__City_Campo Seco,3.2354506638641435e-06
"cat__Lat Long_34.156629, -119.117218",3.178473745764112e-06
cat__City_San Andreas,3.152617873711452e-06
"cat__Lat Long_40.839958, -124.003757",3.1365440948032964e-06
cat__City_Manton,3.1258621200440883e-06
"cat__Lat Long_37.070177, -122.010077",3.061263909823287e-06
"cat__Lat Long_37.218705, -121.762429",3.0485265157632727e-06
"cat__Lat Long_39.305545, -123.743697",3.0442100456258107e-06
"cat__Lat Long_33.748635, -117.906125",3.0341462994747427e-06
cat__City_Graton,3.001716699413702e-06
"cat__Lat Long_37.746699, -122.442833",2.996093438224068e-06
"cat__Lat Long_38.419525, -122.521585",2.9866334695204442e-06
"cat__Lat Long_33.833686, -117.513063",2.970206815855863e-06
cat__City_Riverbank,2.9299813871185556e-06
"cat__Lat Long_38.93496, -122.792243",2.9001202664448164e-06
cat__City_Gilroy,2.8707561321904416e-06
"cat__Lat Long_38.227285, -121.02789",2.8577132148783482e-06
cat__City_La Honda,2.833294020682621e-06
"cat__Lat Long_34.907911, -119.234281",2.8289836106633716e-06
"cat__Lat Long_39.19514, -121.503883",2.820617187374395e-06
"cat__Lat Long_33.88151, -118.234451",2.8136856163584594e-06
"cat__Lat Long_35.666886, -119.186717",2.781549706097984e-06
cat__City_Laton,2.777725688797548e-06
"cat__Lat Long_35.924252, -116.188668",2.7433312223335955e-06
cat__City_Lakeport,2.727196271440813e-06
"cat__Lat Long_37.776718, -122.495781",2.72673573685114e-06
cat__City_Taylorsville,2.722441669234772e-06
"cat__Lat Long_39.025867, -123.381544",2.703765156391905e-06
"cat__Lat Long_37.316146, -121.936285",2.699157748499771e-06
cat__City_Lockeford,2.697230349955735e-06
cat__City_Amador City,2.6906772768638686e-06
cat__City_Fiddletown,2.6749796081447693e-06
"cat__Lat Long_34.049172, -118.115022",2.654690685823265e-06
cat__City_La Grange,2.6530999131549715e-06
cat__City_Bass Lake,2.6136671026309065e-06
"cat__Lat Long_35.735694, -118.738483",2.6079688126178735e-06
"cat__Lat Long_39.408634, -123.045516",2.5767943389682248e-06
cat__City_Topanga,2.5709214518631463e-06
cat__City_Coleville,2.566811729938405e-06
"cat__Lat Long_33.4725, -117.584273",2.5592782687885213e-06
"cat__Lat Long_33.956228, -118.120993",2.501257957885387e-06
cat__City_Yucca Valley,2.4974104473160067e-06
"cat__Lat Long_35.852892, -118.397782",2.478460280142996e-06
cat__City_Mad River,2.467554324269777e-06
cat__City_Geyserville,2.462836145078962e-06
"cat__Lat Long_34.243088, -116.830015",2.442473757190107e-06
cat__City_Placentia,2.4355251468865184e-06
"cat__Lat Long_34.255203, -117.175654",2.403432004285932e-06
"cat__Lat Long_33.817473, -117.810462",2.39900026802055e-06
cat__City_Zenia,2.3967940066608883e-06
"cat__Lat Long_39.745805, -120.580882",2.3858004721822037e-06
"cat__Lat Long_33.719221, -118.073596",2.364900364866399e-06
cat__City_Chilcoot,2.3613585132739166e-06
"cat__Lat Long_37.730269, -119.055813",2.3605050398770872e-06
"cat__Lat Long_36.622237, -119.521126",2.298877235344254e-06
"cat__Lat Long_37.872902, -122.303708",2.283657185586382e-06
cat__City_Springville,2.2753885807488452e-06
cat__City_Clio,2.2298808593584433e-06
"cat__Lat Long_38.9386, -120.785514",2.2282019295662252e-06
cat__City_Soquel,2.2248638366148135e-06
cat__City_Mokelumne Hill,2.207740729548866e-06
cat__City_Wildomar,2.158642169718187e-06
"cat__Lat Long_34.404544, -119.302118",2.140680398113057e-06
cat__City_Pittsburg,2.137167324140412e-06
"cat__Lat Long_39.806141, -123.531098",2.1319207762834213e-06
"cat__Lat Long_38.445603, -123.063756",2.1235283818558806e-06
"cat__Lat Long_37.375816, -119.739935",2.1129894722251285e-06
"cat__Lat Long_40.584991, -124.121504",2.0946710626909696e-06
"cat__Lat Long_37.680968, -121.446049",2.086362627287538e-06
"cat__Lat Long_40.883853, -122.418258",2.0839132549694335e-06
"cat__Lat Long_40.367964, -122.937379",2.052191395286501e-06
cat__City_Cypress,2.0398364143714685e-06
cat__City_Occidental,2.033461717047265e-06
"cat__Lat Long_38.578604, -122.024579",2.0203447349613094e-06
"cat__Lat Long_36.478239, -119.52137",2.0019051838079882e-06
cat__City_Pacific Grove,1.991887084833249e-06
"cat__Lat Long_37.416159, -122.131337",1.9891755523577217e-06
"cat__Lat Long_40.343213, -121.815412",1.970459589781141e-06
"cat__Lat Long_38.508735, -121.678813",1.9704191846236406e-06
cat__City_Mc Kittrick,1.9588144961391157e-06
"cat__Lat Long_40.913192, -123.06597",1.9477948735413897e-06
"cat__Lat Long_38.731771, -123.064272",1.8117510456249718e-06
"cat__Lat Long_36.719141, -119.202677",1.8112246601105706e-06
"cat__Lat Long_37.244307, -119.470256",1.8022560560931852e-06
"cat__Lat Long_38.434362, -122.86891",1.785757421501261e-06
"cat__Lat Long_38.512569, -121.495184",1.769768339719447e-06
cat__City_Lakehead,1.7565209341516925e-06
"cat__Lat Long_34.647959, -117.296957",1.750844254009214e-06
cat__City_Ahwahnee,1.748991782361492e-06
"cat__Lat Long_33.688546, -117.788091",1.7133413197777114e-06
cat__City_Rio Vista,1.6937183257750594e-06
"cat__Lat Long_38.52576, -123.013347",1.6663106762716693e-06
cat__City_Georgetown,1.6608059357327945e-06
cat__City_Denair,1.6363629150842298e-06
"cat__Lat Long_37.572273, -121.964583",1.6014923293200584e-06
"cat__Lat Long_36.618337, -121.926417",1.5843665914804325e-06
"cat__Lat Long_38.099323, -122.945723",1.5727452297108778e-06
"cat__Lat Long_37.352911, -122.093002",1.5408400496609725e-06
"cat__Lat Long_38.121601, -120.133915",1.4950785756568389e-06
"cat__Lat Long_40.294034, -120.512622",1.4587361189032946e-06
"cat__Lat Long_34.08111, -117.853935",1.4546621517918687e-06
cat__City_Weldon,1.4386665859353009e-06
"cat__Lat Long_40.186772, -122.388361",1.4297516652349233e-06
"cat__Lat Long_39.273096, -122.050763",1.4221240417528405e-06
"cat__Lat Long_40.243494, -121.154733",1.4109035059355545e-06
cat__City_Death Valley,1.3987337587584525e-06
"cat__Lat Long_36.464635, -119.094348",1.3746264316356485e-06
cat__City_Red Bluff,1.3376619112917545e-06
cat__City_Doyle,1.3316026500671421e-06
cat__City_Spreckels,1.325616643770173e-06
cat__City_Laytonville,1.3141249625912065e-06
cat__City_Wheatland,1.2669128300610434e-06
"cat__Lat Long_38.197907, -122.017258",1.266881068874946e-06
"cat__Lat Long_33.867257, -118.330794",1.2588160282874693e-06
cat__City_Carlotta,1.2489604291244257e-06
cat__City_San Geronimo,1.242813978566118e-06
"cat__Lat Long_34.741406, -118.38111",1.2384853707614188e-06
"cat__Lat Long_37.633361, -121.862395",1.2039088160995802e-06
"cat__Lat Long_37.674002, -122.076796",1.194585477370903e-06
cat__City_Huron,1.1927803549395284e-06
"cat__Lat Long_38.925545, -122.549083",1.1780830054694918e-06
"cat__Lat Long_38.240769, -122.901041",1.162303226295253e-06
"cat__Lat Long_41.251322, -122.105209",1.1469854832394776e-06
cat__City_Weimar,1.1377129625274365e-06
"cat__Lat Long_38.029729, -121.387999",1.1346709904041935e-06
"cat__Lat Long_36.217864, -120.080117",1.1123343695825045e-06
"cat__Lat Long_37.449551, -122.183762",1.0977800532335753e-06
"cat__Lat Long_39.043387, -121.409837",1.0689912753753369e-06
"cat__Lat Long_34.965648, -117.001509",1.0647724723190907e-06
cat__City_Carmel Valley,1.0629803478725538e-06
"cat__Lat Long_36.414611, -121.6386",1.058717907509321e-06
"cat__Lat Long_41.336354, -124.044354",1.0553245582822966e-06
"cat__Lat Long_40.586588, -122.903677",1.0482255649998213e-06
cat__City_Mccloud,1.040858489313635e-06
"cat__Lat Long_41.411315, -122.697236",1.0133841457315759e-06
"cat__Lat Long_36.757345, -119.818274",1.0131985112973832e-06
cat__City_Echo Lake,9.85153745360296e-07
"cat__Lat Long_33.848733, -117.788357",9.802738932237073e-07
"cat__Lat Long_38.00474, -122.663717",9.53778963077214e-07
cat__City_Needles,9.520596397274834e-07
cat__City_Earp,9.516089464909171e-07
"cat__Lat Long_40.390301, -123.412327",8.955392964916745e-07
"cat__Lat Long_38.166791, -121.14207",8.27559125774176e-07
cat__City_Castaic,7.82943345953148e-07
"cat__Lat Long_37.252057, -119.95783",7.721975788761536e-07
"cat__Lat Long_38.349195, -121.902943",7.338815996996644e-07
"cat__Lat Long_38.107441, -120.230625",7.31288408047958e-07
"cat__Lat Long_33.970661, -117.255039",7.183630336968703e-07
cat__City_Arvin,7.109303927716901e-07
cat__City_Somerset,7.043981948828539e-07
cat__City_Paramount,6.888077308566923e-07
"cat__Lat Long_34.137742, -114.36514",6.437633199681425e-07
"cat__Lat Long_36.624641, -121.647195",6.429885891264164e-07
cat__City_Carmel By The Sea,6.239582840592172e-07
cat__City_Norco,6.187316386982385e-07
"cat__Lat Long_33.881158, -117.854783",6.111051966191114e-07
"cat__Lat Long_35.634222, -120.728341",6.020548045218714e-07
cat__City_Tomales,5.867298241010393e-07
cat__City_Potter Valley,5.78119309520651e-07
cat__City_Goleta,5.758244648617221e-07
cat__City_Kingsburg,5.730594482597995e-07
"cat__Lat Long_34.712708, -117.889656",5.680338044751397e-07
cat__City_Aliso Viejo,5.596749649004295e-07
"cat__Lat Long_38.156971, -120.849231",5.536730030996121e-07
"cat__Lat Long_41.121108, -122.336613",5.304811780881125e-07
cat__City_Twain Harte,5.19619568790783e-07
"cat__Lat Long_33.818477, -118.038307",5.156204360312581e-07
"cat__Lat Long_33.719869, -117.907063",4.917394411642655e-07
"cat__Lat Long_37.908242, -121.682472",4.904184147350875e-07
"cat__Lat Long_37.722302, -122.491129",4.669806472315951e-07
"cat__Lat Long_36.863303, -121.781632",4.5323843316142895e-07
"cat__Lat Long_39.872961, -120.198876",4.269498531509186e-07
cat__City_Fortuna,3.6985561285714845e-07
cat__City_Paso Robles,3.6330435653616323e-07
cat__City_Mi Wuk Village,3.5551844521785885e-07
"cat__Lat Long_36.751489, -119.68072",3.2351535941251947e-07
cat__City_Brisbane,3.1799419126432024e-07
cat__City_Orick,3.132283405383006e-07
cat__City_Markleeville,2.9744584709765435e-07
"cat__Lat Long_33.603282, -117.821841",2.8793989187092944e-07
cat__City_Gustine,2.780347637380923e-07
"cat__Lat Long_39.435756, -121.552071",2.616534176844395e-07
cat__City_Stonyford,2.537662519502043e-07
cat__City_Dunlap,2.485561932282327e-07
"cat__Lat Long_39.288127, -122.415841",2.4161149948037683e-07
"cat__Lat Long_39.197215, -120.83679",2.403631898764916e-07
cat__City_Chester,2.3990676938897295e-07
"cat__Lat Long_36.64152, -121.622188",2.3019149962208936e-07
cat__City_Tracy,2.2733396321601186e-07
"cat__Lat Long_37.774633, -122.274434",2.2221474284125986e-07
"cat__Lat Long_38.544002, -121.685559",1.7814737280957835e-07
cat__City_Barstow,1.7148138957227114e-07
"cat__Lat Long_38.32153, -120.236358",1.6351058671529166e-07
"cat__Lat Long_37.147198, -121.120161",1.6309501594139794e-07
"cat__Lat Long_33.845706, -118.012204",1.4744880986492592e-07
"cat__Lat Long_37.750553, -122.197175",1.4128248963998584e-07
cat__City_Palermo,1.3932607473221754e-07
cat__City_Newport Coast,1.295157418647893e-07
"cat__Lat Long_34.711224, -114.702256",1.2230210721925278e-07
"cat__Lat Long_35.116307, -118.817644",1.1182614107951959e-07
"cat__Lat Long_38.636052, -119.489162",9.653078052391926e-08
"cat__Lat Long_33.925833, -117.559639",6.35194228886391e-08
cat__City_Arnold,6.010194655065437e-08
"cat__Lat Long_41.163637, -123.704841",5.304224919308612e-08
cat__City_Glennville,4.07982248755302e-08
"cat__Lat Long_36.554618, -121.922239",3.327466448468706e-08
"cat__Lat Long_40.170357, -123.417298",3.039041076297176e-08
"cat__Lat Long_39.34128, -120.786867",2.6422355661934305e-08
"cat__Lat Long_37.127386, -120.506422",2.369474940457584e-08
cat__City_Topaz,2.0433557400475057e-08
"cat__Lat Long_40.03194, -122.176023",1.543682658547201e-08
cat__City_Washington,8.132313161408344e-09
"cat__Lat Long_36.789213, -119.140338",5.582651311634827e-09
cat__City_Brentwood,5.426076678428045e-09
cat__City_El Nido,3.965202285426819e-10
cat__City_Gerber,1.9623458381652433e-19
cat__City_Bieber,7.84121078979894e-20
cat__City_Elmira,3.2453979518671277e-21
cat__State_California,0.0
cat__Country_United States,0.0
"cat__Lat Long_35.339796, -119.023552",0.0
